lineage,summarized_lineage
AY.1,Delta
AY.10,Delta
AY.100,Delta
AY.101,Delta
AY.102,Delta
AY.102.1,Delta
AY.102.2,Delta
AY.103,Delta
AY.103.1,Delta
AY.103.2,Delta
AY.104,Delta
AY.105,Delta
AY.106,Delta
AY.107,Delta
AY.108,Delta
AY.109,Delta
AY.11,Delta
AY.110,Delta
AY.111,Delta
AY.112,Delta
AY.112.1,Delta
AY.112.2,Delta
AY.112.3,Delta
AY.113,Delta
AY.114,Delta
AY.116,Delta
AY.116.1,Delta
AY.117,Delta
AY.118,Delta
AY.119,Delta
AY.119.1,Delta
AY.119.2,Delta
AY.120,Delta
AY.120.1,Delta
AY.120.2,Delta
AY.120.2.1,Delta
AY.121,Delta
AY.121.1,Delta
AY.122,Delta
AY.122.1,Delta
AY.122.2,Delta
AY.122.3,Delta
AY.122.4,Delta
AY.122.5,Delta
AY.122.6,Delta
AY.123,Delta
AY.123.1,Delta
AY.124,Delta
AY.124.1,Delta
AY.124.1.1,Delta
AY.125,Delta
AY.125.1,Delta
AY.126,Delta
AY.127,Delta
AY.127.1,Delta
AY.127.2,Delta
AY.127.3,Delta
AY.128,Delta
AY.129,Delta
AY.13,Delta
AY.130,Delta
AY.131,Delta
AY.132,Delta
AY.133,Delta
AY.134,Delta
AY.14,Delta
AY.15,Delta
AY.16,Delta
AY.16.1,Delta
AY.17,Delta
AY.18,Delta
AY.19,Delta
AY.2,Delta
AY.20,Delta
AY.20.1,Delta
AY.21,Delta
AY.22,Delta
AY.23,Delta
AY.23.1,Delta
AY.23.2,Delta
AY.24,Delta
AY.24.1,Delta
AY.25,Delta
AY.25.1,Delta
AY.25.1.1,Delta
AY.25.1.2,Delta
AY.25.2,Delta
AY.25.3,Delta
AY.26,Delta
AY.26.1,Delta
AY.27,Delta
AY.28,Delta
AY.29,Delta
AY.29.1,Delta
AY.29.2,Delta
AY.3,Delta
AY.3.1,Delta
AY.3.2,Delta
AY.3.3,Delta
AY.3.4,Delta
AY.30,Delta
AY.31,Delta
AY.32,Delta
AY.33,Delta
AY.33.1,Delta
AY.33.2,Delta
AY.34,Delta
AY.34.1,Delta
AY.34.1.1,Delta
AY.34.2,Delta
AY.35,Delta
AY.36,Delta
AY.36.1,Delta
AY.37,Delta
AY.38,Delta
AY.39,Delta
AY.39.1,Delta
AY.39.1.1,Delta
AY.39.1.2,Delta
AY.39.1.3,Delta
AY.39.1.4,Delta
AY.39.2,Delta
AY.39.3,Delta
AY.4,Delta
AY.4.1,Delta
AY.4.10,Delta
AY.4.11,Delta
AY.4.12,Delta
AY.4.13,Delta
AY.4.14,Delta
AY.4.15,Delta
AY.4.16,Delta
AY.4.17,Delta
AY.4.2,Delta
AY.4.2.1,Delta
AY.4.2.2,Delta
AY.4.2.3,Delta
AY.4.2.4,Delta
AY.4.2.5,Delta
AY.4.3,Delta
AY.4.4,Delta
AY.4.5,Delta
AY.4.6,Delta
AY.4.7,Delta
AY.4.8,Delta
AY.4.9,Delta
AY.40,Delta
AY.41,Delta
AY.42,Delta
AY.42.1,Delta
AY.43,Delta
AY.43.1,Delta
AY.43.2,Delta
AY.43.3,Delta
AY.43.4,Delta
AY.43.5,Delta
AY.43.6,Delta
AY.43.7,Delta
AY.43.8,Delta
AY.43.9,Delta
AY.44,Delta
AY.45,Delta
AY.46,Delta
AY.46.1,Delta
AY.46.2,Delta
AY.46.3,Delta
AY.46.4,Delta
AY.46.5,Delta
AY.46.6,Delta
AY.46.6.1,Delta
AY.47,Delta
AY.48,Delta
AY.49,Delta
AY.5,Delta
AY.5.1,Delta
AY.5.2,Delta
AY.5.3,Delta
AY.5.4,Delta
AY.5.5,Delta
AY.5.6,Delta
AY.5.7,Delta
AY.50,Delta
AY.51,Delta
AY.52,Delta
AY.53,Delta
AY.54,Delta
AY.55,Delta
AY.56,Delta
AY.57,Delta
AY.58,Delta
AY.59,Delta
AY.6,Delta
AY.60,Delta
AY.61,Delta
AY.62,Delta
AY.63,Delta
AY.64,Delta
AY.65,Delta
AY.66,Delta
AY.67,Delta
AY.68,Delta
AY.69,Delta
AY.7,Delta
AY.7.1,Delta
AY.7.2,Delta
AY.70,Delta
AY.71,Delta
AY.72,Delta
AY.73,Delta
AY.74,Delta
AY.75,Delta
AY.75.2,Delta
AY.75.3,Delta
AY.76,Delta
AY.77,Delta
AY.78,Delta
AY.79,Delta
AY.8,Delta
AY.80,Delta
AY.81,Delta
AY.82,Delta
AY.83,Delta
AY.84,Delta
AY.85,Delta
AY.86,Delta
AY.87,Delta
AY.88,Delta
AY.9,Delta
AY.9.2,Delta
AY.9.2.1,Delta
AY.9.2.2,Delta
AY.90,Delta
AY.91,Delta
AY.91.1,Delta
AY.92,Delta
AY.93,Delta
AY.94,Delta
AY.95,Delta
AY.98,Delta
AY.98.1,Delta
AY.98.1.1,Delta
AY.99,Delta
AY.99.1,Delta
AY.99.2,Delta
B.1.1.529,Omicron
B.1.1.7,Alpha
B.1.351,Beta
B.1.351.1,Beta
B.1.351.2,Beta
B.1.351.3,Beta
B.1.351.5,Beta
B.1.427,Epsilon
B.1.429,Epsilon
B.1.429.1,Epsilon
B.1.525,Eta
B.1.526,Iota
B.1.617.1,Kappa
B.1.617.2,Delta
B.1.621,Mu
B.1.621.1,Mu
B.1.621.2,Mu
BA.1,Omicron
BA.1.1,Omicron
BA.1.1.1,Omicron
BA.1.1.10,Omicron
BA.1.1.11,Omicron
BA.1.1.12,Omicron
BA.1.1.13,Omicron
BA.1.1.14,Omicron
BA.1.1.15,Omicron
BA.1.1.16,Omicron
BA.1.1.17,Omicron
BA.1.1.18,Omicron
BA.1.1.2,Omicron
BA.1.1.3,Omicron
BA.1.1.4,Omicron
BA.1.1.5,Omicron
BA.1.1.6,Omicron
BA.1.1.7,Omicron
BA.1.1.8,Omicron
BA.1.1.9,Omicron
BA.1.10,Omicron
BA.1.12,Omicron
BA.1.13,Omicron
BA.1.13.1,Omicron
BA.1.14,Omicron
BA.1.14.1,Omicron
BA.1.14.2,Omicron
BA.1.15,Omicron
BA.1.15.1,Omicron
BA.1.15.2,Omicron
BA.1.15.3,Omicron
BA.1.16,Omicron
BA.1.16.1,Omicron
BA.1.16.2,Omicron
BA.1.17,Omicron
BA.1.17.1,Omicron
BA.1.17.2,Omicron
BA.1.18,Omicron
BA.1.19,Omicron
BA.1.2,Omicron
BA.1.20,Omicron
BA.1.21,Omicron
BA.1.21.1,Omicron
BA.1.22,Omicron
BA.1.23,Omicron
BA.1.24,Omicron
BA.1.3,Omicron
BA.1.4,Omicron
BA.1.5,Omicron
BA.1.6,Omicron
BA.1.7,Omicron
BA.1.8,Omicron
BA.1.9,Omicron
BA.2,Omicron
BA.2.1,Omicron
BA.2.10,Omicron
BA.2.10.1,Omicron
BA.2.10.2,Omicron
BA.2.10.3,Omicron
BA.2.10.4,Omicron
BA.2.11,Omicron
BA.2.12,Omicron
BA.2.12.1,Omicron
BA.2.12.2,Omicron
BA.2.13,Omicron
BA.2.13.1,Omicron
BA.2.14,Omicron
BA.2.15,Omicron
BA.2.16,Omicron
BA.2.17,Omicron
BA.2.18,Omicron
BA.2.19,Omicron
BA.2.2,Omicron
BA.2.2.1,Omicron
BA.2.20,Omicron
BA.2.21,Omicron
BA.2.22,Omicron
BA.2.23,Omicron
BA.2.23.1,Omicron
BA.2.24,Omicron
BA.2.25,Omicron
BA.2.25.1,Omicron
BA.2.26,Omicron
BA.2.27,Omicron
BA.2.28,Omicron
BA.2.29,Omicron
BA.2.3,Omicron
BA.2.3.1,Omicron
BA.2.3.10,Omicron
BA.2.3.11,Omicron
BA.2.3.12,Omicron
BA.2.3.13,Omicron
BA.2.3.14,Omicron
BA.2.3.15,Omicron
BA.2.3.16,Omicron
BA.2.3.17,Omicron
BA.2.3.18,Omicron
BA.2.3.19,Omicron
BA.2.3.2,Omicron
BA.2.3.20,Omicron
BA.2.3.21,Omicron
BA.2.3.22,Omicron
BA.2.3.4,Omicron
BA.2.3.5,Omicron
BA.2.3.6,Omicron
BA.2.3.7,Omicron
BA.2.3.8,Omicron
BA.2.3.9,Omicron
BA.2.30,Omicron
BA.2.31,Omicron
BA.2.31.1,Omicron
BA.2.32,Omicron
BA.2.33,Omicron
BA.2.34,Omicron
BA.2.35,Omicron
BA.2.36,Omicron
BA.2.37,Omicron
BA.2.38,Omicron
BA.2.38.1,Omicron
BA.2.38.2,Omicron
BA.2.38.3,Omicron
BA.2.38.4,Omicron
BA.2.39,Omicron
BA.2.4,Omicron
BA.2.40,Omicron
BA.2.40.1,Omicron
BA.2.41,Omicron
BA.2.42,Omicron
BA.2.43,Omicron
BA.2.44,Omicron
BA.2.45,Omicron
BA.2.46,Omicron
BA.2.47,Omicron
BA.2.48,Omicron
BA.2.49,Omicron
BA.2.5,Omicron
BA.2.50,Omicron
BA.2.51,Omicron
BA.2.52,Omicron
BA.2.53,Omicron
BA.2.54,Omicron
BA.2.55,Omicron
BA.2.56,Omicron
BA.2.56.1,Omicron
BA.2.57,Omicron
BA.2.58,Omicron
BA.2.59,Omicron
BA.2.6,Omicron
BA.2.60,Omicron
BA.2.61,Omicron
BA.2.62,Omicron
BA.2.63,Omicron
BA.2.64,Omicron
BA.2.65,Omicron
BA.2.66,Omicron
BA.2.67,Omicron
BA.2.68,Omicron
BA.2.69,Omicron
BA.2.7,Omicron
BA.2.70,Omicron
BA.2.71,Omicron
BA.2.72,Omicron
BA.2.73,Omicron
BA.2.74,Omicron
BA.2.75,BA.2.75.X
BA.2.75.1,BA.2.75.X
BA.2.75.10,BA.2.75.X
BA.2.75.2,BA.2.75.X
BA.2.75.3,BA.2.75.X
BA.2.75.4,BA.2.75.X
BA.2.75.5,BA.2.75.X
BA.2.75.6,BA.2.75.X
BA.2.75.7,BA.2.75.X
BA.2.75.8,BA.2.75.X
BA.2.75.9,BA.2.75.X
BA.2.76,Omicron
BA.2.76.1,Omicron
BA.2.76.2,Omicron
BA.2.77,Omicron
BA.2.78,Omicron
BA.2.79,Omicron
BA.2.79.1,Omicron
BA.2.8,Omicron
BA.2.80,Omicron
BA.2.81,Omicron
BA.2.82,Omicron
BA.2.83,Omicron
BA.2.85,Omicron
BA.2.86,BA.2.86.X
BA.2.86.1,BA.2.86.X
BA.2.86.2,BA.2.86.X
BA.2.86.3,BA.2.86.X
BA.2.86.4,BA.2.86.X
BA.2.86.5,BA.2.86.X
BA.2.86.6,BA.2.86.X
BA.2.86.7,BA.2.86.X
BA.2.87,Omicron
BA.2.87.1,Omicron
BA.2.9,Omicron
BA.2.9.1,Omicron
BA.2.9.2,Omicron
BA.2.9.3,Omicron
BA.2.9.4,Omicron
BA.2.9.5,Omicron
BA.2.9.6,Omicron
BA.2.9.7,Omicron
BA.3,Omicron
BA.3.1,Omicron
BA.3.2,BA.3.2.X
BA.3.2.1,BA.3.2.X
BA.3.2.2,BA.3.2.X
BA.4,Omicron
BA.4.1,Omicron
BA.4.1.1,Omicron
BA.4.1.10,Omicron
BA.4.1.11,Omicron
BA.4.1.2,Omicron
BA.4.1.3,Omicron
BA.4.1.4,Omicron
BA.4.1.5,Omicron
BA.4.1.6,Omicron
BA.4.1.7,Omicron
BA.4.1.8,Omicron
BA.4.1.9,Omicron
BA.4.2,Omicron
BA.4.3,Omicron
BA.4.4,Omicron
BA.4.5,Omicron
BA.4.6,Omicron
BA.4.6.1,Omicron
BA.4.6.2,Omicron
BA.4.6.3,Omicron
BA.4.6.4,Omicron
BA.4.6.5,Omicron
BA.4.7,Omicron
BA.4.8,Omicron
BA.5,Omicron
BA.5.1,Omicron
BA.5.1.1,Omicron
BA.5.1.10,Omicron
BA.5.1.11,Omicron
BA.5.1.12,Omicron
BA.5.1.14,Omicron
BA.5.1.15,Omicron
BA.5.1.16,Omicron
BA.5.1.17,Omicron
BA.5.1.18,Omicron
BA.5.1.19,Omicron
BA.5.1.2,Omicron
BA.5.1.20,Omicron
BA.5.1.21,Omicron
BA.5.1.22,Omicron
BA.5.1.23,Omicron
BA.5.1.24,Omicron
BA.5.1.25,Omicron
BA.5.1.26,Omicron
BA.5.1.27,Omicron
BA.5.1.28,Omicron
BA.5.1.29,Omicron
BA.5.1.3,Omicron
BA.5.1.30,Omicron
BA.5.1.31,Omicron
BA.5.1.32,Omicron
BA.5.1.33,Omicron
BA.5.1.34,Omicron
BA.5.1.35,Omicron
BA.5.1.36,Omicron
BA.5.1.37,Omicron
BA.5.1.38,Omicron
BA.5.1.4,Omicron
BA.5.1.5,Omicron
BA.5.1.6,Omicron
BA.5.1.7,Omicron
BA.5.1.8,Omicron
BA.5.1.9,Omicron
BA.5.10,Omicron
BA.5.10.1,Omicron
BA.5.11,Omicron
BA.5.12,Omicron
BA.5.2,Omicron
BA.5.2.1,Omicron
BA.5.2.10,Omicron
BA.5.2.11,Omicron
BA.5.2.12,Omicron
BA.5.2.13,Omicron
BA.5.2.14,Omicron
BA.5.2.16,Omicron
BA.5.2.18,Omicron
BA.5.2.19,Omicron
BA.5.2.2,Omicron
BA.5.2.20,Omicron
BA.5.2.21,Omicron
BA.5.2.22,Omicron
BA.5.2.23,Omicron
BA.5.2.24,Omicron
BA.5.2.25,Omicron
BA.5.2.26,Omicron
BA.5.2.27,Omicron
BA.5.2.28,Omicron
BA.5.2.29,Omicron
BA.5.2.3,Omicron
BA.5.2.30,Omicron
BA.5.2.31,Omicron
BA.5.2.32,Omicron
BA.5.2.33,Omicron
BA.5.2.34,Omicron
BA.5.2.35,Omicron
BA.5.2.36,Omicron
BA.5.2.37,Omicron
BA.5.2.38,Omicron
BA.5.2.39,Omicron
BA.5.2.4,Omicron
BA.5.2.40,Omicron
BA.5.2.41,Omicron
BA.5.2.42,Omicron
BA.5.2.43,Omicron
BA.5.2.44,Omicron
BA.5.2.45,Omicron
BA.5.2.46,Omicron
BA.5.2.47,Omicron
BA.5.2.48,Omicron
BA.5.2.49,Omicron
BA.5.2.5,Omicron
BA.5.2.50,Omicron
BA.5.2.51,Omicron
BA.5.2.52,Omicron
BA.5.2.53,Omicron
BA.5.2.54,Omicron
BA.5.2.55,Omicron
BA.5.2.56,Omicron
BA.5.2.57,Omicron
BA.5.2.58,Omicron
BA.5.2.59,Omicron
BA.5.2.6,Omicron
BA.5.2.60,Omicron
BA.5.2.61,Omicron
BA.5.2.62,Omicron
BA.5.2.63,Omicron
BA.5.2.7,Omicron
BA.5.2.8,Omicron
BA.5.2.9,Omicron
BA.5.3,Omicron
BA.5.3.1,Omicron
BA.5.3.2,Omicron
BA.5.3.3,Omicron
BA.5.3.4,Omicron
BA.5.3.5,Omicron
BA.5.5,Omicron
BA.5.5.1,Omicron
BA.5.5.2,Omicron
BA.5.5.3,Omicron
BA.5.6,Omicron
BA.5.6.1,Omicron
BA.5.6.2,Omicron
BA.5.6.3,Omicron
BA.5.6.4,Omicron
BA.5.7,Omicron
BA.5.8,Omicron
BA.5.9,Omicron
BB.2,Mu
BC.1,Omicron
BC.2,Omicron
BD.1,Omicron
BE.1,Omicron
BE.1.1,Omicron
BE.1.1.1,Omicron
BE.1.1.2,Omicron
BE.1.2,Omicron
BE.1.2.1,Omicron
BE.1.3,Omicron
BE.1.4,Omicron
BE.1.4.1,Omicron
BE.1.4.2,Omicron
BE.1.4.3,Omicron
BE.1.4.4,Omicron
BE.10,Omicron
BE.11,Omicron
BE.12,Omicron
BE.13,Omicron
BE.2,Omicron
BE.3,Omicron
BE.4,Omicron
BE.4.1,Omicron
BE.4.1.1,Omicron
BE.4.2,Omicron
BE.5,Omicron
BE.6,Omicron
BE.7,Omicron
BE.8,Omicron
BE.9,Omicron
BF.1,Omicron
BF.1.1,Omicron
BF.10,Omicron
BF.10.1,Omicron
BF.11,Omicron
BF.11.1,Omicron
BF.11.2,Omicron
BF.11.3,Omicron
BF.11.4,Omicron
BF.11.5,Omicron
BF.12,Omicron
BF.13,Omicron
BF.14,Omicron
BF.15,Omicron
BF.16,Omicron
BF.17,Omicron
BF.18,Omicron
BF.19,Omicron
BF.2,Omicron
BF.20,Omicron
BF.21,Omicron
BF.22,Omicron
BF.23,Omicron
BF.24,Omicron
BF.25,Omicron
BF.26,Omicron
BF.27,Omicron
BF.28,Omicron
BF.29,Omicron
BF.3,Omicron
BF.3.1,Omicron
BF.30,Omicron
BF.31,Omicron
BF.31.1,Omicron
BF.32,Omicron
BF.33,Omicron
BF.34,Omicron
BF.35,Omicron
BF.36,Omicron
BF.37,Omicron
BF.38,Omicron
BF.38.1,Omicron
BF.38.2,Omicron
BF.38.3,Omicron
BF.39,Omicron
BF.39.1,Omicron
BF.4,Omicron
BF.40,Omicron
BF.41,Omicron
BF.41.1,Omicron
BF.42,Omicron
BF.5,Omicron
BF.5.1,Omicron
BF.5.2,Omicron
BF.5.3,Omicron
BF.5.4,Omicron
BF.5.5,Omicron
BF.6,Omicron
BF.7,Omicron
BF.7.1,Omicron
BF.7.10,Omicron
BF.7.11,Omicron
BF.7.12,Omicron
BF.7.13,Omicron
BF.7.13.1,Omicron
BF.7.13.2,Omicron
BF.7.14,Omicron
BF.7.14.1,Omicron
BF.7.14.2,Omicron
BF.7.14.3,Omicron
BF.7.14.4,Omicron
BF.7.14.5,Omicron
BF.7.14.6,Omicron
BF.7.14.7,Omicron
BF.7.15,Omicron
BF.7.16,Omicron
BF.7.16.1,Omicron
BF.7.17,Omicron
BF.7.18,Omicron
BF.7.19,Omicron
BF.7.19.1,Omicron
BF.7.2,Omicron
BF.7.20,Omicron
BF.7.21,Omicron
BF.7.22,Omicron
BF.7.23,Omicron
BF.7.24,Omicron
BF.7.26,Omicron
BF.7.27,Omicron
BF.7.3,Omicron
BF.7.4,Omicron
BF.7.4.1,Omicron
BF.7.4.2,Omicron
BF.7.4.3,Omicron
BF.7.5,Omicron
BF.7.5.1,Omicron
BF.7.6,Omicron
BF.7.7,Omicron
BF.7.8,Omicron
BF.7.9,Omicron
BF.8,Omicron
BF.9,Omicron
BG.1,Omicron
BG.2,Omicron
BG.3,Omicron
BG.4,Omicron
BG.5,Omicron
BG.6,Omicron
BG.7,Omicron
BH.1,Omicron
BJ.1,Omicron
BK.1,Omicron
BL.1,BA.2.75.X
BL.1.1,BA.2.75.X
BL.1.2,BA.2.75.X
BL.1.3,BA.2.75.X
BL.1.4,BA.2.75.X
BL.1.5,BA.2.75.X
BL.2,BA.2.75.X
BL.2.1,BA.2.75.X
BL.3,BA.2.75.X
BL.4,BA.2.75.X
BL.5,BA.2.75.X
BL.6,BA.2.75.X
BM.1,BA.2.75.X
BM.1.1,BA.2.75.X
BM.1.1.1,BA.2.75.X
BM.1.1.2,BA.2.75.X
BM.1.1.3,BA.2.75.X
BM.1.1.4,BA.2.75.X
BM.1.1.5,BA.2.75.X
BM.2,BA.2.75.X
BM.2.1,BA.2.75.X
BM.2.2,BA.2.75.X
BM.2.3,BA.2.75.X
BM.3,BA.2.75.X
BM.4,BA.2.75.X
BM.4.1,BA.2.75.X
BM.4.1.1,BA.2.75.X
BM.5,BA.2.75.X
BM.6,BA.2.75.X
BN.1,BA.2.75.X
BN.1.1,BA.2.75.X
BN.1.1.1,BA.2.75.X
BN.1.10,BA.2.75.X
BN.1.11,BA.2.75.X
BN.1.2,BA.2.75.X
BN.1.2.1,BA.2.75.X
BN.1.2.2,BA.2.75.X
BN.1.2.3,BA.2.75.X
BN.1.2.4,BA.2.75.X
BN.1.2.5,BA.2.75.X
BN.1.2.6,BA.2.75.X
BN.1.2.7,BA.2.75.X
BN.1.2.8,BA.2.75.X
BN.1.3,BA.2.75.X
BN.1.3.1,BA.2.75.X
BN.1.3.10,BA.2.75.X
BN.1.3.11,BA.2.75.X
BN.1.3.12,BA.2.75.X
BN.1.3.13,BA.2.75.X
BN.1.3.2,BA.2.75.X
BN.1.3.3,BA.2.75.X
BN.1.3.4,BA.2.75.X
BN.1.3.5,BA.2.75.X
BN.1.3.6,BA.2.75.X
BN.1.3.7,BA.2.75.X
BN.1.3.8,BA.2.75.X
BN.1.3.9,BA.2.75.X
BN.1.4,BA.2.75.X
BN.1.4.1,BA.2.75.X
BN.1.4.2,BA.2.75.X
BN.1.4.3,BA.2.75.X
BN.1.4.4,BA.2.75.X
BN.1.4.5,BA.2.75.X
BN.1.5,BA.2.75.X
BN.1.5.1,BA.2.75.X
BN.1.5.2,BA.2.75.X
BN.1.6,BA.2.75.X
BN.1.7,BA.2.75.X
BN.1.8,BA.2.75.X
BN.1.9,BA.2.75.X
BN.2,BA.2.75.X
BN.2.1,BA.2.75.X
BN.3,BA.2.75.X
BN.3.1,BA.2.75.X
BN.4,BA.2.75.X
BN.5,BA.2.75.X
BN.6,BA.2.75.X
BP.1,Omicron
BQ.1,Omicron
BQ.1.1,Omicron
BQ.1.1.1,Omicron
BQ.1.1.10,Omicron
BQ.1.1.11,Omicron
BQ.1.1.12,Omicron
BQ.1.1.13,Omicron
BQ.1.1.14,Omicron
BQ.1.1.15,Omicron
BQ.1.1.16,Omicron
BQ.1.1.17,Omicron
BQ.1.1.18,Omicron
BQ.1.1.19,Omicron
BQ.1.1.2,Omicron
BQ.1.1.20,Omicron
BQ.1.1.21,Omicron
BQ.1.1.22,Omicron
BQ.1.1.23,Omicron
BQ.1.1.24,Omicron
BQ.1.1.25,Omicron
BQ.1.1.26,Omicron
BQ.1.1.27,Omicron
BQ.1.1.28,Omicron
BQ.1.1.29,Omicron
BQ.1.1.3,Omicron
BQ.1.1.30,Omicron
BQ.1.1.31,Omicron
BQ.1.1.32,Omicron
BQ.1.1.34,Omicron
BQ.1.1.35,Omicron
BQ.1.1.36,Omicron
BQ.1.1.37,Omicron
BQ.1.1.38,Omicron
BQ.1.1.39,Omicron
BQ.1.1.4,Omicron
BQ.1.1.40,Omicron
BQ.1.1.41,Omicron
BQ.1.1.42,Omicron
BQ.1.1.43,Omicron
BQ.1.1.44,Omicron
BQ.1.1.45,Omicron
BQ.1.1.46,Omicron
BQ.1.1.47,Omicron
BQ.1.1.48,Omicron
BQ.1.1.49,Omicron
BQ.1.1.5,Omicron
BQ.1.1.50,Omicron
BQ.1.1.51,Omicron
BQ.1.1.52,Omicron
BQ.1.1.53,Omicron
BQ.1.1.54,Omicron
BQ.1.1.55,Omicron
BQ.1.1.56,Omicron
BQ.1.1.57,Omicron
BQ.1.1.58,Omicron
BQ.1.1.59,Omicron
BQ.1.1.6,Omicron
BQ.1.1.60,Omicron
BQ.1.1.61,Omicron
BQ.1.1.62,Omicron
BQ.1.1.63,Omicron
BQ.1.1.64,Omicron
BQ.1.1.65,Omicron
BQ.1.1.66,Omicron
BQ.1.1.67,Omicron
BQ.1.1.68,Omicron
BQ.1.1.69,Omicron
BQ.1.1.7,Omicron
BQ.1.1.70,Omicron
BQ.1.1.71,Omicron
BQ.1.1.72,Omicron
BQ.1.1.73,Omicron
BQ.1.1.74,Omicron
BQ.1.1.75,Omicron
BQ.1.1.76,Omicron
BQ.1.1.77,Omicron
BQ.1.1.78,Omicron
BQ.1.1.79,Omicron
BQ.1.1.8,Omicron
BQ.1.1.9,Omicron
BQ.1.10,Omicron
BQ.1.10.1,Omicron
BQ.1.10.2,Omicron
BQ.1.10.3,Omicron
BQ.1.11,Omicron
BQ.1.11.1,Omicron
BQ.1.12,Omicron
BQ.1.13,Omicron
BQ.1.13.1,Omicron
BQ.1.14,Omicron
BQ.1.15,Omicron
BQ.1.15.1,Omicron
BQ.1.15.2,Omicron
BQ.1.16,Omicron
BQ.1.17,Omicron
BQ.1.18,Omicron
BQ.1.19,Omicron
BQ.1.2,Omicron
BQ.1.2.1,Omicron
BQ.1.2.2,Omicron
BQ.1.2.3,Omicron
BQ.1.20,Omicron
BQ.1.21,Omicron
BQ.1.22,Omicron
BQ.1.23,Omicron
BQ.1.24,Omicron
BQ.1.25,Omicron
BQ.1.25.1,Omicron
BQ.1.26,Omicron
BQ.1.26.1,Omicron
BQ.1.26.2,Omicron
BQ.1.27,Omicron
BQ.1.28,Omicron
BQ.1.29,Omicron
BQ.1.3,Omicron
BQ.1.3.1,Omicron
BQ.1.3.2,Omicron
BQ.1.30,Omicron
BQ.1.31,Omicron
BQ.1.32,Omicron
BQ.1.33,Omicron
BQ.1.4,Omicron
BQ.1.5,Omicron
BQ.1.6,Omicron
BQ.1.7,Omicron
BQ.1.8,Omicron
BQ.1.8.1,Omicron
BQ.1.8.2,Omicron
BQ.1.9,Omicron
BQ.2,Omicron
BR.1,BA.2.75.X
BR.1.1,BA.2.75.X
BR.1.2,BA.2.75.X
BR.2,BA.2.75.X
BR.2.1,BA.2.75.X
BR.3,BA.2.75.X
BR.4,BA.2.75.X
BR.5,BA.2.75.X
BR.5.1,BA.2.75.X
BS.1,Omicron
BS.1.1,Omicron
BS.1.2,Omicron
BT.1,Omicron
BT.2,Omicron
BU.1,Omicron
BU.2,Omicron
BU.3,Omicron
BV.1,Omicron
BV.2,Omicron
BW.1,Omicron
BW.1.1,Omicron
BW.1.1.1,Omicron
BW.1.1.2,Omicron
BW.1.2,Omicron
BY.1,BA.2.75.X
BY.1.1,BA.2.75.X
BY.1.1.1,BA.2.75.X
BY.1.2,BA.2.75.X
BY.1.2.1,BA.2.75.X
BZ.1,Omicron
BZ.2,Omicron
C.37,Lambda
C.37.1,Lambda
CA.1,BA.2.75.X
CA.2,BA.2.75.X
CA.3,BA.2.75.X
CA.3.1,BA.2.75.X
CA.4,BA.2.75.X
CA.5,BA.2.75.X
CA.6,BA.2.75.X
CA.7,BA.2.75.X
CB.1,BA.2.75.X
CC.1,Omicron
CD.1,Omicron
CD.2,Omicron
CE.1,Omicron
CF.1,Omicron
CG.1,Omicron
CH.1,BA.2.75.X
CH.1.1,CH.1.1.X
CH.1.1.1,CH.1.1.X
CH.1.1.10,CH.1.1.X
CH.1.1.11,CH.1.1.X
CH.1.1.12,CH.1.1.X
CH.1.1.13,CH.1.1.X
CH.1.1.14,CH.1.1.X
CH.1.1.15,CH.1.1.X
CH.1.1.16,CH.1.1.X
CH.1.1.17,CH.1.1.X
CH.1.1.18,CH.1.1.X
CH.1.1.19,CH.1.1.X
CH.1.1.2,CH.1.1.X
CH.1.1.20,CH.1.1.X
CH.1.1.21,CH.1.1.X
CH.1.1.22,CH.1.1.X
CH.1.1.23,CH.1.1.X
CH.1.1.24,CH.1.1.X
CH.1.1.25,CH.1.1.X
CH.1.1.26,CH.1.1.X
CH.1.1.27,CH.1.1.X
CH.1.1.28,CH.1.1.X
CH.1.1.29,CH.1.1.X
CH.1.1.3,CH.1.1.X
CH.1.1.30,CH.1.1.X
CH.1.1.31,CH.1.1.X
CH.1.1.32,CH.1.1.X
CH.1.1.4,CH.1.1.X
CH.1.1.5,CH.1.1.X
CH.1.1.6,CH.1.1.X
CH.1.1.7,CH.1.1.X
CH.1.1.8,CH.1.1.X
CH.1.1.9,CH.1.1.X
CH.2,BA.2.75.X
CH.3,BA.2.75.X
CH.3.1,BA.2.75.X
CJ.1,BA.2.75.X
CJ.1.1,BA.2.75.X
CJ.1.2,BA.2.75.X
CJ.1.3,BA.2.75.X
CJ.1.3.1,BA.2.75.X
CJ.1.3.2,BA.2.75.X
CK.1,Omicron
CK.1.1,Omicron
CK.1.1.1,Omicron
CK.1.1.2,Omicron
CK.1.2,Omicron
CK.1.3,Omicron
CK.1.4,Omicron
CK.1.5,Omicron
CK.2,Omicron
CK.2.1,Omicron
CK.2.1.1,Omicron
CK.3,Omicron
CL.1,Omicron
CL.1.1,Omicron
CL.1.2,Omicron
CL.1.3,Omicron
CM.1,Omicron
CM.10,Omicron
CM.11,Omicron
CM.12,Omicron
CM.2,Omicron
CM.2.1,Omicron
CM.3,Omicron
CM.4,Omicron
CM.4.1,Omicron
CM.5,Omicron
CM.5.1,Omicron
CM.5.2,Omicron
CM.6,Omicron
CM.6.1,Omicron
CM.7,Omicron
CM.7.1,Omicron
CM.7.1.1,Omicron
CM.8,Omicron
CM.8.1,Omicron
CM.8.1.1,Omicron
CM.8.1.2,Omicron
CM.8.1.3,Omicron
CM.8.1.4,Omicron
CM.8.1.5,Omicron
CM.9,Omicron
CN.1,Omicron
CN.2,Omicron
CP.1,Omicron
CP.1.1,Omicron
CP.1.2,Omicron
CP.1.3,Omicron
CP.2,Omicron
CP.3,Omicron
CP.4,Omicron
CP.5,Omicron
CP.6,Omicron
CP.7,Omicron
CP.8,Omicron
CP.8.1,Omicron
CQ.1,Omicron
CQ.1.1,Omicron
CQ.2,Omicron
CR.1,Omicron
CR.1.1,Omicron
CR.1.2,Omicron
CR.1.3,Omicron
CR.2,Omicron
CS.1,Omicron
CT.1,Omicron
CU.1,Omicron
CV.1,BA.2.75.X
CV.2,BA.2.75.X
CW.1,Omicron
CY.1,Omicron
CY.2,Omicron
CZ.1,Omicron
CZ.2,Omicron
DA.1,Omicron
DB.1,Omicron
DB.2,Omicron
DB.3,Omicron
DC.1,Omicron
DD.1,Omicron
DE.1,Omicron
DE.2,Omicron
DF.1,Omicron
DF.1.1,Omicron
DG.1,Omicron
DH.1,Omicron
DJ.1,Omicron
DJ.1.1,Omicron
DJ.1.1.1,Omicron
DJ.1.2,Omicron
DJ.1.3,Omicron
DK.1,Omicron
DL.1,Omicron
DM.1,Omicron
DN.1,Omicron
DN.1.1,Omicron
DN.1.1.1,Omicron
DN.1.1.2,Omicron
DN.1.1.3,Omicron
DN.1.1.4,Omicron
DN.2,Omicron
DN.3,Omicron
DN.3.1,Omicron
DP.1,Omicron
DQ.1,Omicron
DR.1,Omicron
DR.2,Omicron
DS.1,BA.2.75.X
DS.2,BA.2.75.X
DS.3,BA.2.75.X
DT.1,Omicron
DT.2,Omicron
DT.3,Omicron
DU.1,Omicron
DV.1,CH.1.1.X
DV.1.1,CH.1.1.X
DV.2,CH.1.1.X
DV.3,CH.1.1.X
DV.3.1,CH.1.1.X
DV.4,CH.1.1.X
DV.5,CH.1.1.X
DV.6,CH.1.1.X
DV.6.1,CH.1.1.X
DV.6.2,CH.1.1.X
DV.7,CH.1.1.X
DV.7.1,CH.1.1.X
DV.7.1.1,CH.1.1.X
DV.7.1.2,CH.1.1.X
DV.7.1.3,CH.1.1.X
DV.7.1.4,CH.1.1.X
DV.7.1.5,CH.1.1.X
DV.7.1.6,CH.1.1.X
DV.7.1.7,CH.1.1.X
DV.7.1.8,CH.1.1.X
DV.7.1.9,CH.1.1.X
DV.7.2,CH.1.1.X
DV.8,CH.1.1.X
DW.1,Omicron
DY.1,Omicron
DY.1.1,Omicron
DY.2,Omicron
DY.3,Omicron
DY.4,Omicron
DZ.1,Omicron
DZ.2,Omicron
EA.1,Omicron
EA.2,Omicron
EB.1,Omicron
EC.1,Omicron
EC.1.1,Omicron
ED.1,Omicron
ED.2,Omicron
ED.3,Omicron
EE.1,Omicron
EE.2,Omicron
EE.3,Omicron
EE.4,Omicron
EE.5,Omicron
EF.1,Omicron
EF.1.1,Omicron
EF.1.1.1,Omicron
EF.1.2,Omicron
EF.1.3,Omicron
EF.2,Omicron
EF.3,Omicron
EG.1,XBB.1.9.2.X
EG.1.1,XBB.1.9.2.X
EG.1.2,XBB.1.9.2.X
EG.1.3,XBB.1.9.2.X
EG.1.4,XBB.1.9.2.X
EG.1.4.1,XBB.1.9.2.X
EG.1.5,XBB.1.9.2.X
EG.1.6,XBB.1.9.2.X
EG.1.7,XBB.1.9.2.X
EG.1.8,XBB.1.9.2.X
EG.10,XBB.1.9.2.X
EG.10.1,XBB.1.9.2.X
EG.10.1.1,XBB.1.9.2.X
EG.11,XBB.1.9.2.X
EG.12,XBB.1.9.2.X
EG.13,XBB.1.9.2.X
EG.14,XBB.1.9.2.X
EG.2,XBB.1.9.2.X
EG.2.1,XBB.1.9.2.X
EG.2.2,XBB.1.9.2.X
EG.2.3,XBB.1.9.2.X
EG.2.4,XBB.1.9.2.X
EG.2.5,XBB.1.9.2.X
EG.3,XBB.1.9.2.X
EG.4,XBB.1.9.2.X
EG.4.1,XBB.1.9.2.X
EG.4.2,XBB.1.9.2.X
EG.4.3,XBB.1.9.2.X
EG.4.4,XBB.1.9.2.X
EG.4.5,XBB.1.9.2.X
EG.5,EG.5.X
EG.5.1,EG.5.X
EG.5.1.1,EG.5.X
EG.5.1.10,EG.5.X
EG.5.1.11,EG.5.X
EG.5.1.12,EG.5.X
EG.5.1.13,EG.5.X
EG.5.1.14,EG.5.X
EG.5.1.15,EG.5.X
EG.5.1.16,EG.5.X
EG.5.1.17,EG.5.X
EG.5.1.18,EG.5.X
EG.5.1.19,EG.5.X
EG.5.1.2,EG.5.X
EG.5.1.3,EG.5.X
EG.5.1.4,EG.5.X
EG.5.1.5,EG.5.X
EG.5.1.6,EG.5.X
EG.5.1.7,EG.5.X
EG.5.1.8,EG.5.X
EG.5.1.9,EG.5.X
EG.5.2,EG.5.X
EG.5.2.1,EG.5.X
EG.5.2.2,EG.5.X
EG.5.2.3,EG.5.X
EG.5.2.4,EG.5.X
EG.6,XBB.1.9.2.X
EG.6.1,XBB.1.9.2.X
EG.6.1.1,XBB.1.9.2.X
EG.6.1.2,XBB.1.9.2.X
EG.7,XBB.1.9.2.X
EG.8,XBB.1.9.2.X
EG.9,XBB.1.9.2.X
EG.9.1,XBB.1.9.2.X
EH.1,Omicron
EJ.1,BA.2.75.X
EJ.2,BA.2.75.X
EJ.3,BA.2.75.X
EK.1,XBB.1.5.X
EK.2,XBB.1.5.X
EK.2.1,XBB.1.5.X
EK.3,XBB.1.5.X
EK.4,XBB.1.5.X
EL.1,XBB.1.5.X
EM.1,XBB.1.5.X
EN.1,Omicron
EN.1.1,Omicron
EP.1,BA.2.75.X
EP.1.1,BA.2.75.X
EP.1.1.1,BA.2.75.X
EP.2,BA.2.75.X
EQ.1,Omicron
ER.1,Omicron
ER.1.1,Omicron
ES.1,Omicron
ET.1,Omicron
EU.1,XBB.1.5.X
EU.1.1,XBB.1.5.X
EU.1.1.1,XBB.1.5.X
EU.1.1.2,XBB.1.5.X
EU.1.1.3,XBB.1.5.X
EV.1,Omicron
EW.1,Omicron
EW.2,Omicron
EW.3,Omicron
EY.1,Omicron
EZ.1,Omicron
FA.1,Omicron
FA.2,Omicron
FB.1,Omicron
FB.2,Omicron
FC.1,Omicron
FD.1,XBB.1.5.X
FD.1.1,XBB.1.5.X
FD.2,XBB.1.5.X
FD.2.1,XBB.1.5.X
FD.3,XBB.1.5.X
FD.4,XBB.1.5.X
FD.4.1,XBB.1.5.X
FD.5,XBB.1.5.X
FD.5.1,XBB.1.5.X
FE.1,XBB.X
FE.1.1,XBB.X
FE.1.1.1,XBB.X
FE.1.1.2,XBB.X
FE.1.1.3,XBB.X
FE.1.1.4,XBB.X
FE.1.1.5,XBB.X
FE.1.2,XBB.X
FF.1,Omicron
FG.1,XBB.1.5.X
FG.2,XBB.1.5.X
FG.3,XBB.1.5.X
FH.1,XBB.1.5.X
FJ.1,CH.1.1.X
FK.1,CH.1.1.X
FK.1.1,CH.1.1.X
FK.1.1.1,CH.1.1.X
FK.1.1.2,CH.1.1.X
FK.1.2,CH.1.1.X
FK.1.2.1,CH.1.1.X
FK.1.2.2,CH.1.1.X
FK.1.3,CH.1.1.X
FK.1.3.1,CH.1.1.X
FK.1.3.2,CH.1.1.X
FK.1.4,CH.1.1.X
FK.1.4.1,CH.1.1.X
FK.1.5,CH.1.1.X
FL.1,XBB.1.9.1.X
FL.1.1,XBB.1.9.1.X
FL.1.1.1,XBB.1.9.1.X
FL.1.2,XBB.1.9.1.X
FL.1.3,XBB.1.9.1.X
FL.1.4,XBB.1.9.1.X
FL.1.5,XBB.1.9.1.X
FL.1.5.1,XBB.1.9.1.X
FL.1.5.2,XBB.1.9.1.X
FL.1.6,XBB.1.9.1.X
FL.1.7,XBB.1.9.1.X
FL.1.8,XBB.1.9.1.X
FL.10,XBB.1.9.1.X
FL.10.1,XBB.1.9.1.X
FL.10.2,XBB.1.9.1.X
FL.10.3,XBB.1.9.1.X
FL.11,XBB.1.9.1.X
FL.12,XBB.1.9.1.X
FL.13,XBB.1.9.1.X
FL.13.1,XBB.1.9.1.X
FL.13.2,XBB.1.9.1.X
FL.13.2.1,XBB.1.9.1.X
FL.13.3,XBB.1.9.1.X
FL.13.3.1,XBB.1.9.1.X
FL.13.4,XBB.1.9.1.X
FL.13.4.1,XBB.1.9.1.X
FL.13.5,XBB.1.9.1.X
FL.14,XBB.1.9.1.X
FL.15,XBB.1.9.1.X
FL.15.1,XBB.1.9.1.X
FL.15.1.1,XBB.1.9.1.X
FL.15.2,XBB.1.9.1.X
FL.15.3,XBB.1.9.1.X
FL.15.4,XBB.1.9.1.X
FL.16,XBB.1.9.1.X
FL.17,XBB.1.9.1.X
FL.17.1,XBB.1.9.1.X
FL.17.2,XBB.1.9.1.X
FL.18,XBB.1.9.1.X
FL.18.1,XBB.1.9.1.X
FL.18.1.1,XBB.1.9.1.X
FL.19,XBB.1.9.1.X
FL.19.1,XBB.1.9.1.X
FL.2,XBB.1.9.1.X
FL.2.1,XBB.1.9.1.X
FL.2.2,XBB.1.9.1.X
FL.2.2.1,XBB.1.9.1.X
FL.2.3,XBB.1.9.1.X
FL.2.3.1,XBB.1.9.1.X
FL.2.4,XBB.1.9.1.X
FL.2.5,XBB.1.9.1.X
FL.2.6,XBB.1.9.1.X
FL.2.7,XBB.1.9.1.X
FL.2.7.1,XBB.1.9.1.X
FL.20,XBB.1.9.1.X
FL.20.1,XBB.1.9.1.X
FL.20.2,XBB.1.9.1.X
FL.21,XBB.1.9.1.X
FL.21.1,XBB.1.9.1.X
FL.21.2,XBB.1.9.1.X
FL.22,XBB.1.9.1.X
FL.23,XBB.1.9.1.X
FL.23.1,XBB.1.9.1.X
FL.23.2,XBB.1.9.1.X
FL.23.2.1,XBB.1.9.1.X
FL.24,XBB.1.9.1.X
FL.24.1,XBB.1.9.1.X
FL.25,XBB.1.9.1.X
FL.26,XBB.1.9.1.X
FL.26.1,XBB.1.9.1.X
FL.27,XBB.1.9.1.X
FL.28,XBB.1.9.1.X
FL.29,XBB.1.9.1.X
FL.3,XBB.1.9.1.X
FL.3.1,XBB.1.9.1.X
FL.3.2,XBB.1.9.1.X
FL.3.3,XBB.1.9.1.X
FL.3.4,XBB.1.9.1.X
FL.30,XBB.1.9.1.X
FL.30.1,XBB.1.9.1.X
FL.31,XBB.1.9.1.X
FL.31.1,XBB.1.9.1.X
FL.32,XBB.1.9.1.X
FL.32.1,XBB.1.9.1.X
FL.33,XBB.1.9.1.X
FL.33.1,XBB.1.9.1.X
FL.34,XBB.1.9.1.X
FL.35,XBB.1.9.1.X
FL.35.1,XBB.1.9.1.X
FL.36,XBB.1.9.1.X
FL.37,XBB.1.9.1.X
FL.38,XBB.1.9.1.X
FL.39,XBB.1.9.1.X
FL.39.1,XBB.1.9.1.X
FL.4,XBB.1.9.1.X
FL.4.1,XBB.1.9.1.X
FL.4.1.1,XBB.1.9.1.X
FL.4.10,XBB.1.9.1.X
FL.4.11,XBB.1.9.1.X
FL.4.2,XBB.1.9.1.X
FL.4.3,XBB.1.9.1.X
FL.4.4,XBB.1.9.1.X
FL.4.5,XBB.1.9.1.X
FL.4.6,XBB.1.9.1.X
FL.4.7,XBB.1.9.1.X
FL.4.8,XBB.1.9.1.X
FL.4.9,XBB.1.9.1.X
FL.40,XBB.1.9.1.X
FL.5,XBB.1.9.1.X
FL.5.1,XBB.1.9.1.X
FL.6,XBB.1.9.1.X
FL.7,XBB.1.9.1.X
FL.8,XBB.1.9.1.X
FL.9,XBB.1.9.1.X
FM.1,Omicron
FM.2,Omicron
FN.1,Omicron
FP.1,XBB.X
FP.2,XBB.X
FP.2.1,XBB.X
FP.2.1.1,XBB.X
FP.2.1.2,XBB.X
FP.3,XBB.X
FP.4,XBB.X
FQ.1,Omicron
FR.1,BA.2.75.X
FR.1.1,BA.2.75.X
FR.1.2,BA.2.75.X
FR.1.3,BA.2.75.X
FR.1.4,BA.2.75.X
FR.1.5,BA.2.75.X
FR.2,BA.2.75.X
FS.1,CH.1.1.X
FT.1,XBB.1.5.X
FT.2,XBB.1.5.X
FT.3,XBB.1.5.X
FT.3.1,XBB.1.5.X
FT.3.1.1,XBB.1.5.X
FT.4,XBB.1.5.X
FU.1,XBB.1.16.X
FU.1.1,XBB.1.16.X
FU.1.1.1,XBB.1.16.X
FU.2,XBB.1.16.X
FU.2.1,XBB.1.16.X
FU.3,XBB.1.16.X
FU.3.1,XBB.1.16.X
FU.4,XBB.1.16.X
FU.5,XBB.1.16.X
FV.1,Omicron
FW.1,XBB.X
FW.1.1,XBB.X
FW.1.1.1,XBB.X
FW.2,XBB.X
FW.3,XBB.X
FY.1,XBB.X
FY.1.1,XBB.X
FY.1.2,XBB.X
FY.1.2.1,XBB.X
FY.1.2.2,XBB.X
FY.1.2.3,XBB.X
FY.1.3,XBB.X
FY.1.4,XBB.X
FY.1.4.1,XBB.X
FY.2,XBB.X
FY.2.1,XBB.X
FY.3,XBB.X
FY.3.1,XBB.X
FY.3.2,XBB.X
FY.3.3,XBB.X
FY.4,XBB.X
FY.4.1,XBB.X
FY.4.1.1,XBB.X
FY.4.1.2,XBB.X
FY.4.2,XBB.X
FY.5,XBB.X
FY.5.1,XBB.X
FY.5.1.1,XBB.X
FY.5.2,XBB.X
FY.5.3,XBB.X
FY.5.4,XBB.X
FY.5.5,XBB.X
FY.5.5.1,XBB.X
FY.6,XBB.X
FY.6.1,XBB.X
FY.6.2,XBB.X
FY.7,XBB.X
FY.8,XBB.X
FY.8.1,XBB.X
FY.8.1.1,XBB.X
FY.9,XBB.X
FZ.1,XBB.1.5.X
FZ.1.1,XBB.1.5.X
FZ.2,XBB.1.5.X
GA.1,XBB.X
GA.10,XBB.X
GA.10.1,XBB.X
GA.2,XBB.X
GA.2.1,XBB.X
GA.2.1.1,XBB.X
GA.3,XBB.X
GA.4,XBB.X
GA.4.1,XBB.X
GA.4.1.1,XBB.X
GA.4.1.2,XBB.X
GA.4.1.3,XBB.X
GA.4.2,XBB.X
GA.4.3,XBB.X
GA.5,XBB.X
GA.6,XBB.X
GA.6.1,XBB.X
GA.7,XBB.X
GA.7.1,XBB.X
GA.7.2,XBB.X
GA.8,XBB.X
GA.8.1,XBB.X
GA.9,XBB.X
GB.1,XBB.1.5.X
GB.2,XBB.1.5.X
GC.1,XBB.1.5.X
GC.2,XBB.1.5.X
GD.1,XBB.X
GD.2,XBB.X
GD.3,XBB.X
GE.1,XBB.2.3.X
GE.1.1,XBB.2.3.X
GE.1.2,XBB.2.3.X
GE.1.2.1,XBB.2.3.X
GE.1.2.2,XBB.2.3.X
GE.1.3,XBB.2.3.X
GE.1.4,XBB.2.3.X
GE.1.5,XBB.2.3.X
GE.1.6,XBB.2.3.X
GF.1,XBB.1.5.X
GG.1,XBB.1.5.X
GH.1,XBB.X
GJ.1,XBB.2.3.X
GJ.1.1,XBB.2.3.X
GJ.1.2,XBB.2.3.X
GJ.1.2.1,XBB.2.3.X
GJ.1.2.2,XBB.2.3.X
GJ.1.2.3,XBB.2.3.X
GJ.1.2.4,XBB.2.3.X
GJ.1.2.5,XBB.2.3.X
GJ.1.2.6,XBB.2.3.X
GJ.1.2.7,XBB.2.3.X
GJ.1.2.8,XBB.2.3.X
GJ.2,XBB.2.3.X
GJ.3,XBB.2.3.X
GJ.4,XBB.2.3.X
GJ.5,XBB.2.3.X
GJ.5.1,XBB.2.3.X
GJ.6,XBB.2.3.X
GJ.7,XBB.2.3.X
GK.1,XBB.1.5.X
GK.1.1,XBB.1.5.X
GK.1.1.1,XBB.1.5.X
GK.1.10,XBB.1.5.X
GK.1.10.1,XBB.1.5.X
GK.1.11,XBB.1.5.X
GK.1.11.1,XBB.1.5.X
GK.1.2,XBB.1.5.X
GK.1.2.1,XBB.1.5.X
GK.1.3,XBB.1.5.X
GK.1.4,XBB.1.5.X
GK.1.5,XBB.1.5.X
GK.1.6,XBB.1.5.X
GK.1.6.1,XBB.1.5.X
GK.1.7,XBB.1.5.X
GK.1.8,XBB.1.5.X
GK.1.8.1,XBB.1.5.X
GK.1.9,XBB.1.5.X
GK.10,XBB.1.5.X
GK.11,XBB.1.5.X
GK.12,XBB.1.5.X
GK.2,XBB.1.5.X
GK.2.1,XBB.1.5.X
GK.2.1.1,XBB.1.5.X
GK.2.2,XBB.1.5.X
GK.2.3,XBB.1.5.X
GK.2.4,XBB.1.5.X
GK.3,XBB.1.5.X
GK.3.1,XBB.1.5.X
GK.3.2,XBB.1.5.X
GK.4,XBB.1.5.X
GK.5,XBB.1.5.X
GK.5.1,XBB.1.5.X
GK.6,XBB.1.5.X
GK.7,XBB.1.5.X
GK.8,XBB.1.5.X
GK.8.1,XBB.1.5.X
GK.9,XBB.1.5.X
GM.1,XBB.2.3.X
GM.2,XBB.2.3.X
GM.3,XBB.2.3.X
GM.3.1,XBB.2.3.X
GN.1,XBB.1.5.X
GN.1.1,XBB.1.5.X
GN.1.2,XBB.1.5.X
GN.1.3,XBB.1.5.X
GN.1.4,XBB.1.5.X
GN.2,XBB.1.5.X
GN.3,XBB.1.5.X
GN.4,XBB.1.5.X
GN.5,XBB.1.5.X
GP.1,CH.1.1.X
GP.2,CH.1.1.X
GP.3,CH.1.1.X
GQ.1,CH.1.1.X
GQ.1.1,CH.1.1.X
GR.1,XBB.1.5.X
GS.1,XBB.2.3.X
GS.2,XBB.2.3.X
GS.3,XBB.2.3.X
GS.4,XBB.2.3.X
GS.4.1,XBB.2.3.X
GS.4.1.1,XBB.2.3.X
GS.5,XBB.2.3.X
GS.6,XBB.2.3.X
GS.7,XBB.2.3.X
GS.7.1,XBB.2.3.X
GS.8,XBB.2.3.X
GU.1,XBB.1.5.X
GV.1,XBB.1.5.X
GW.1,XBB.X
GW.1.1,XBB.X
GW.2,XBB.X
GW.3,XBB.X
GW.4,XBB.X
GW.5,XBB.X
GW.5.1,XBB.X
GW.5.1.1,XBB.X
GW.5.2,XBB.X
GW.5.3,XBB.X
GW.5.3.1,XBB.X
GY.1,XBB.1.16.X
GY.1.1,XBB.1.16.X
GY.1.1.1,XBB.1.16.X
GY.2,XBB.1.16.X
GY.2.1,XBB.1.16.X
GY.3,XBB.1.16.X
GY.4,XBB.1.16.X
GY.5,XBB.1.16.X
GY.6,XBB.1.16.X
GY.7,XBB.1.16.X
GY.8,XBB.1.16.X
GY.9,XBB.1.16.X
GZ.1,XBB.2.3.X
HA.1,XBB.1.5.X
HA.2,XBB.1.5.X
HB.1,XBB.X
HC.1,XBB.1.5.X
HC.2,XBB.1.5.X
HC.3,XBB.1.5.X
HC.4,XBB.1.5.X
HD.1,XBB.1.5.X
HD.1.1,XBB.1.5.X
HE.1,XBB.X
HE.2,XBB.X
HF.1,XBB.1.16.X
HF.1.1,XBB.1.16.X
HF.1.2,XBB.1.16.X
HG.1,XBB.2.3.X
HG.1.1,XBB.2.3.X
HG.2,XBB.2.3.X
HG.3,XBB.2.3.X
HH.1,XBB.2.3.X
HH.1.1,XBB.2.3.X
HH.2,XBB.2.3.X
HH.2.1,XBB.2.3.X
HH.3,XBB.2.3.X
HH.4,XBB.2.3.X
HH.5,XBB.2.3.X
HH.6,XBB.2.3.X
HH.7,XBB.2.3.X
HH.8,XBB.2.3.X
HH.8.1,XBB.2.3.X
HJ.1,XBB.1.5.X
HK.1,EG.5.X
HK.1.2,EG.5.X
HK.11,EG.5.X
HK.11.1,EG.5.X
HK.12,EG.5.X
HK.13,EG.5.X
HK.13.1,EG.5.X
HK.13.2,EG.5.X
HK.13.2.1,EG.5.X
HK.14,EG.5.X
HK.15,EG.5.X
HK.16,EG.5.X
HK.17,EG.5.X
HK.18,EG.5.X
HK.19,EG.5.X
HK.2,EG.5.X
HK.2.1,EG.5.X
HK.20,EG.5.X
HK.20.1,EG.5.X
HK.21,EG.5.X
HK.22,EG.5.X
HK.23,EG.5.X
HK.23.1,EG.5.X
HK.23.1.1,EG.5.X
HK.24,EG.5.X
HK.24.1,EG.5.X
HK.25,EG.5.X
HK.26,EG.5.X
HK.26.1,EG.5.X
HK.27,EG.5.X
HK.27.1,EG.5.X
HK.27.1.1,EG.5.X
HK.28,EG.5.X
HK.29,EG.5.X
HK.3,EG.5.X
HK.3.1,EG.5.X
HK.3.10,EG.5.X
HK.3.11,EG.5.X
HK.3.12,EG.5.X
HK.3.13,EG.5.X
HK.3.14,EG.5.X
HK.3.2,EG.5.X
HK.3.2.1,EG.5.X
HK.3.2.2,EG.5.X
HK.3.3,EG.5.X
HK.3.4,EG.5.X
HK.3.5,EG.5.X
HK.3.6,EG.5.X
HK.3.7,EG.5.X
HK.3.8,EG.5.X
HK.3.9,EG.5.X
HK.30,EG.5.X
HK.31,EG.5.X
HK.32,EG.5.X
HK.33,EG.5.X
HK.34,EG.5.X
HK.34.1,EG.5.X
HK.4,EG.5.X
HK.5,EG.5.X
HK.6,EG.5.X
HK.7,EG.5.X
HK.8,EG.5.X
HK.8.1,EG.5.X
HK.9,EG.5.X
HL.1,XBB.X
HL.2,XBB.X
HM.1,XBB.1.5.X
HN.1,XBB.1.9.1.X
HN.2,XBB.1.9.1.X
HN.2.1,XBB.1.9.1.X
HN.3,XBB.1.9.1.X
HN.3.1,XBB.1.9.1.X
HN.4,XBB.1.9.1.X
HN.4.1,XBB.1.9.1.X
HN.4.1.1,XBB.1.9.1.X
HN.4.2,XBB.1.9.1.X
HN.5,XBB.1.9.1.X
HN.6,XBB.1.9.1.X
HN.7,XBB.1.9.1.X
HN.8,XBB.1.9.1.X
HP.1,XBB.1.5.X
HP.1.1,XBB.1.5.X
HQ.1,XBB.1.5.X
HR.1,XBB.1.5.X
HR.1.1,XBB.1.5.X
HS.1,XBB.1.5.X
HS.1.1,XBB.1.5.X
HT.1,XBB.1.5.X
HT.2,XBB.1.5.X
HU.1,XBB.X
HU.1.1,XBB.X
HU.2,XBB.X
HV.1,EG.5.X
HV.1.1,EG.5.X
HV.1.10,EG.5.X
HV.1.11,EG.5.X
HV.1.2,EG.5.X
HV.1.3,EG.5.X
HV.1.4,EG.5.X
HV.1.5,EG.5.X
HV.1.6,EG.5.X
HV.1.6.1,EG.5.X
HV.1.7,EG.5.X
HV.1.8,EG.5.X
HV.1.9,EG.5.X
HV.2,EG.5.X
HY.1,XBB.1.5.X
HZ.1,XBB.1.5.X
HZ.2,XBB.1.5.X
HZ.3,XBB.1.5.X
JA.1,XBB.2.3.X
JB.1,XBB.1.5.X
JB.1.1,XBB.1.5.X
JB.2,XBB.1.5.X
JB.2.1,XBB.1.5.X
JC.1,XBB.X
JC.2,XBB.X
JC.3,XBB.X
JC.4,XBB.X
JC.5,XBB.X
JC.5.1,XBB.X
JC.6,XBB.X
JD.1,XBB.1.5.X
JD.1.1,XBB.1.5.X
JD.1.1.1,XBB.1.5.X
JD.1.1.2,XBB.1.5.X
JD.1.1.3,XBB.1.5.X
JD.1.1.4,XBB.1.5.X
JD.1.1.5,XBB.1.5.X
JD.1.1.6,XBB.1.5.X
JD.1.1.7,XBB.1.5.X
JD.1.1.8,XBB.1.5.X
JD.1.2,XBB.1.5.X
JD.1.2.1,XBB.1.5.X
JD.1.2.2,XBB.1.5.X
JD.2,XBB.1.5.X
JD.2.1,XBB.1.5.X
JE.1,XBB.2.3.X
JE.1.1,XBB.2.3.X
JE.1.1.1,XBB.2.3.X
JF.1,XBB.1.16.X
JF.1.1,XBB.1.16.X
JF.1.1.1,XBB.1.16.X
JF.1.1.2,XBB.1.16.X
JF.2,XBB.1.16.X
JF.3,XBB.1.16.X
JF.4,XBB.1.16.X
JG.1,EG.5.X
JG.2,EG.5.X
JG.3,EG.5.X
JG.3.1,EG.5.X
JG.3.2,EG.5.X
JG.3.3,EG.5.X
JG.3.4,EG.5.X
JG.4,EG.5.X
JH.1,Omicron
JH.2,Omicron
JJ.1,EG.5.X
JK.1,XBB.1.5.X
JL.1,CH.1.1.X
JM.1,XBB.1.16.X
JM.2,XBB.1.16.X
JN.1,BA.2.86.X
JN.1.1,BA.2.86.X
JN.1.1.1,BA.2.86.X
JN.1.1.10,BA.2.86.X
JN.1.1.2,BA.2.86.X
JN.1.1.3,BA.2.86.X
JN.1.1.4,BA.2.86.X
JN.1.1.5,BA.2.86.X
JN.1.1.6,BA.2.86.X
JN.1.1.7,BA.2.86.X
JN.1.1.8,BA.2.86.X
JN.1.1.9,BA.2.86.X
JN.1.10,BA.2.86.X
JN.1.11,BA.2.86.X
JN.1.11.1,BA.2.86.X
JN.1.11.2,BA.2.86.X
JN.1.12,BA.2.86.X
JN.1.13,BA.2.86.X
JN.1.13.1,BA.2.86.X
JN.1.14,BA.2.86.X
JN.1.15,BA.2.86.X
JN.1.15.1,BA.2.86.X
JN.1.16,BA.2.86.X
JN.1.16.1,BA.2.86.X
JN.1.16.2,BA.2.86.X
JN.1.16.3,BA.2.86.X
JN.1.16.4,BA.2.86.X
JN.1.16.5,BA.2.86.X
JN.1.17,BA.2.86.X
JN.1.18,BA.2.86.X
JN.1.18.1,BA.2.86.X
JN.1.18.2,BA.2.86.X
JN.1.18.3,BA.2.86.X
JN.1.18.4,BA.2.86.X
JN.1.18.5,BA.2.86.X
JN.1.18.6,BA.2.86.X
JN.1.18.7,BA.2.86.X
JN.1.18.8,BA.2.86.X
JN.1.18.9,BA.2.86.X
JN.1.19,BA.2.86.X
JN.1.2,BA.2.86.X
JN.1.2.1,BA.2.86.X
JN.1.20,BA.2.86.X
JN.1.21,BA.2.86.X
JN.1.22,BA.2.86.X
JN.1.23,BA.2.86.X
JN.1.23.1,BA.2.86.X
JN.1.24,BA.2.86.X
JN.1.24.1,BA.2.86.X
JN.1.25,BA.2.86.X
JN.1.25.1,BA.2.86.X
JN.1.26,BA.2.86.X
JN.1.27,BA.2.86.X
JN.1.28,BA.2.86.X
JN.1.28.1,BA.2.86.X
JN.1.29,BA.2.86.X
JN.1.29.1,BA.2.86.X
JN.1.3,BA.2.86.X
JN.1.30,BA.2.86.X
JN.1.30.1,BA.2.86.X
JN.1.31,BA.2.86.X
JN.1.32,BA.2.86.X
JN.1.32.1,BA.2.86.X
JN.1.34,BA.2.86.X
JN.1.35,BA.2.86.X
JN.1.36,BA.2.86.X
JN.1.36.1,BA.2.86.X
JN.1.37,BA.2.86.X
JN.1.38,BA.2.86.X
JN.1.38.1,BA.2.86.X
JN.1.39,BA.2.86.X
JN.1.39.1,BA.2.86.X
JN.1.39.2,BA.2.86.X
JN.1.39.3,BA.2.86.X
JN.1.4,BA.2.86.X
JN.1.4.1,BA.2.86.X
JN.1.4.2,BA.2.86.X
JN.1.4.3,BA.2.86.X
JN.1.4.4,BA.2.86.X
JN.1.4.5,BA.2.86.X
JN.1.4.6,BA.2.86.X
JN.1.4.7,BA.2.86.X
JN.1.4.8,BA.2.86.X
JN.1.4.9,BA.2.86.X
JN.1.40,BA.2.86.X
JN.1.41,BA.2.86.X
JN.1.42,BA.2.86.X
JN.1.42.1,BA.2.86.X
JN.1.42.2,BA.2.86.X
JN.1.43,BA.2.86.X
JN.1.43.1,BA.2.86.X
JN.1.44,BA.2.86.X
JN.1.44.1,BA.2.86.X
JN.1.45,BA.2.86.X
JN.1.46,BA.2.86.X
JN.1.47,BA.2.86.X
JN.1.47.1,BA.2.86.X
JN.1.47.2,BA.2.86.X
JN.1.48,BA.2.86.X
JN.1.48.1,BA.2.86.X
JN.1.48.2,BA.2.86.X
JN.1.48.3,BA.2.86.X
JN.1.49,BA.2.86.X
JN.1.49.1,BA.2.86.X
JN.1.49.2,BA.2.86.X
JN.1.49.3,BA.2.86.X
JN.1.5,BA.2.86.X
JN.1.50,BA.2.86.X
JN.1.50.1,BA.2.86.X
JN.1.50.2,BA.2.86.X
JN.1.51,BA.2.86.X
JN.1.51.1,BA.2.86.X
JN.1.52,BA.2.86.X
JN.1.53,BA.2.86.X
JN.1.53.1,BA.2.86.X
JN.1.54,BA.2.86.X
JN.1.54.1,BA.2.86.X
JN.1.55,BA.2.86.X
JN.1.55.1,BA.2.86.X
JN.1.55.2,BA.2.86.X
JN.1.56,BA.2.86.X
JN.1.56.1,BA.2.86.X
JN.1.57,BA.2.86.X
JN.1.57.1,BA.2.86.X
JN.1.58,BA.2.86.X
JN.1.58.1,BA.2.86.X
JN.1.58.2,BA.2.86.X
JN.1.58.3,BA.2.86.X
JN.1.59,BA.2.86.X
JN.1.59.1,BA.2.86.X
JN.1.6,BA.2.86.X
JN.1.6.1,BA.2.86.X
JN.1.60,BA.2.86.X
JN.1.61,BA.2.86.X
JN.1.62,BA.2.86.X
JN.1.63,BA.2.86.X
JN.1.63.1,BA.2.86.X
JN.1.64,BA.2.86.X
JN.1.64.1,BA.2.86.X
JN.1.65,BA.2.86.X
JN.1.65.1,BA.2.86.X
JN.1.66,BA.2.86.X
JN.1.67,BA.2.86.X
JN.1.67.1,BA.2.86.X
JN.1.68,BA.2.86.X
JN.1.68.1,BA.2.86.X
JN.1.69,BA.2.86.X
JN.1.7,BA.2.86.X
JN.1.7.1,BA.2.86.X
JN.1.7.2,BA.2.86.X
JN.1.7.3,BA.2.86.X
JN.1.7.4,BA.2.86.X
JN.1.7.5,BA.2.86.X
JN.1.7.6,BA.2.86.X
JN.1.7.7,BA.2.86.X
JN.1.7.8,BA.2.86.X
JN.1.7.9,BA.2.86.X
JN.1.8,BA.2.86.X
JN.1.8.1,BA.2.86.X
JN.1.8.2,BA.2.86.X
JN.1.8.3,BA.2.86.X
JN.1.8.4,BA.2.86.X
JN.1.9,BA.2.86.X
JN.1.9.1,BA.2.86.X
JN.1.9.2,BA.2.86.X
JN.10,BA.2.86.X
JN.11,BA.2.86.X
JN.11.1,BA.2.86.X
JN.12,BA.2.86.X
JN.13,BA.2.86.X
JN.13.1,BA.2.86.X
JN.14,BA.2.86.X
JN.15,BA.2.86.X
JN.16,BA.2.86.X
JN.17,BA.2.86.X
JN.18,BA.2.86.X
JN.19,BA.2.86.X
JN.2,BA.2.86.X
JN.2.1,BA.2.86.X
JN.2.2,BA.2.86.X
JN.2.2.1,BA.2.86.X
JN.2.3,BA.2.86.X
JN.2.4,BA.2.86.X
JN.2.5,BA.2.86.X
JN.3,BA.2.86.X
JN.3.1,BA.2.86.X
JN.3.2,BA.2.86.X
JN.3.2.1,BA.2.86.X
JN.3.3,BA.2.86.X
JN.4,BA.2.86.X
JN.5,BA.2.86.X
JN.5.1,BA.2.86.X
JN.6,BA.2.86.X
JN.7,BA.2.86.X
JN.8,BA.2.86.X
JN.9,BA.2.86.X
JP.1,CH.1.1.X
JP.1.1,CH.1.1.X
JQ.1,BA.2.86.X
JQ.2,BA.2.86.X
JQ.2.1,BA.2.86.X
JQ.2.1.1,BA.2.86.X
JQ.2.1.2,BA.2.86.X
JR.1,EG.5.X
JR.1.1,EG.5.X
JR.1.1.1,EG.5.X
JS.1,XBB.2.3.X
JS.2,XBB.2.3.X
JU.1,XBB.2.3.X
JV.1,CH.1.1.X
JV.2,CH.1.1.X
JW.1,XBB.X
JW.1.1,XBB.X
JY.1,XBB.2.3.X
JY.1.1,XBB.2.3.X
JZ.1,XBB.1.5.X
KA.1,XBB.1.5.X
KB.1,EG.5.X
KB.2,EG.5.X
KB.3,EG.5.X
KB.4,EG.5.X
KC.1,XBB.1.9.1.X
KC.1.1,XBB.1.9.1.X
KE.1,XBB.X
KE.2,XBB.X
KE.3,XBB.X
KF.1,XBB.1.9.1.X
KF.2,XBB.1.9.1.X
KG.1,CH.1.1.X
KG.2,CH.1.1.X
KH.1,XBB.2.3.X
KJ.1,XBB.1.16.X
KK.1,XBB.1.5.X
KK.2,XBB.1.5.X
KL.1,EG.5.X
KL.1.1,EG.5.X
KM.1,XBB.1.5.X
KN.1,XBB.1.5.X
KN.1.1,XBB.1.5.X
KP.1,BA.2.86.X
KP.1.1,BA.2.86.X
KP.1.1.1,BA.2.86.X
KP.1.1.2,BA.2.86.X
KP.1.1.3,BA.2.86.X
KP.1.1.4,BA.2.86.X
KP.1.1.5,BA.2.86.X
KP.1.1.6,BA.2.86.X
KP.1.2,BA.2.86.X
KP.2,BA.2.86.X
KP.2.1,BA.2.86.X
KP.2.10,BA.2.86.X
KP.2.11,BA.2.86.X
KP.2.12,BA.2.86.X
KP.2.13,BA.2.86.X
KP.2.14,BA.2.86.X
KP.2.14.1,BA.2.86.X
KP.2.14.2,BA.2.86.X
KP.2.15,BA.2.86.X
KP.2.15.1,BA.2.86.X
KP.2.16,BA.2.86.X
KP.2.17,BA.2.86.X
KP.2.18,BA.2.86.X
KP.2.19,BA.2.86.X
KP.2.2,BA.2.86.X
KP.2.2.1,BA.2.86.X
KP.2.2.2,BA.2.86.X
KP.2.20,BA.2.86.X
KP.2.20.1,BA.2.86.X
KP.2.22,BA.2.86.X
KP.2.23,BA.2.86.X
KP.2.24,BA.2.86.X
KP.2.25,BA.2.86.X
KP.2.25.1,BA.2.86.X
KP.2.25.2,BA.2.86.X
KP.2.25.3,BA.2.86.X
KP.2.26,BA.2.86.X
KP.2.27,BA.2.86.X
KP.2.28,BA.2.86.X
KP.2.28.1,BA.2.86.X
KP.2.3,BA.2.86.X
KP.2.3.1,BA.2.86.X
KP.2.3.10,BA.2.86.X
KP.2.3.11,BA.2.86.X
KP.2.3.12,BA.2.86.X
KP.2.3.13,BA.2.86.X
KP.2.3.14,BA.2.86.X
KP.2.3.15,BA.2.86.X
KP.2.3.2,BA.2.86.X
KP.2.3.3,BA.2.86.X
KP.2.3.4,BA.2.86.X
KP.2.3.5,BA.2.86.X
KP.2.3.6,BA.2.86.X
KP.2.3.7,BA.2.86.X
KP.2.3.8,BA.2.86.X
KP.2.3.9,BA.2.86.X
KP.2.4,BA.2.86.X
KP.2.5,BA.2.86.X
KP.2.6,BA.2.86.X
KP.2.6.1,BA.2.86.X
KP.2.6.2,BA.2.86.X
KP.2.6.3,BA.2.86.X
KP.2.6.4,BA.2.86.X
KP.2.7,BA.2.86.X
KP.2.8,BA.2.86.X
KP.2.9,BA.2.86.X
KP.3,KP.3.X
KP.3.1,KP.3.X
KP.3.1.1,KP.3.1.1.X
KP.3.1.10,KP.3.X
KP.3.1.11,KP.3.X
KP.3.1.12,KP.3.X
KP.3.1.2,KP.3.X
KP.3.1.3,KP.3.X
KP.3.1.4,KP.3.X
KP.3.1.5,KP.3.X
KP.3.1.6,KP.3.X
KP.3.1.7,KP.3.X
KP.3.1.8,KP.3.X
KP.3.1.9,KP.3.X
KP.3.2,KP.3.X
KP.3.2.1,KP.3.X
KP.3.2.2,KP.3.X
KP.3.2.3,KP.3.X
KP.3.2.4,KP.3.X
KP.3.2.5,KP.3.X
KP.3.2.6,KP.3.X
KP.3.2.7,KP.3.X
KP.3.2.8,KP.3.X
KP.3.2.9,KP.3.X
KP.3.3,KP.3.X
KP.3.3.1,KP.3.X
KP.3.3.10,KP.3.X
KP.3.3.2,KP.3.X
KP.3.3.3,KP.3.X
KP.3.3.4,KP.3.X
KP.3.3.5,KP.3.X
KP.3.3.6,KP.3.X
KP.3.3.7,KP.3.X
KP.3.3.8,KP.3.X
KP.3.3.9,KP.3.X
KP.3.4,KP.3.X
KP.3.4.1,KP.3.X
KP.3.5,KP.3.X
KP.3.6,KP.3.X
KP.3.7,KP.3.X
KP.4,BA.2.86.X
KP.4.1,BA.2.86.X
KP.4.1.1,BA.2.86.X
KP.4.1.2,BA.2.86.X
KP.4.1.3,BA.2.86.X
KP.4.2,BA.2.86.X
KP.4.2.1,BA.2.86.X
KP.4.2.2,BA.2.86.X
KP.4.2.3,BA.2.86.X
KP.4.2.4,BA.2.86.X
KP.4.2.5,BA.2.86.X
KP.4.2.6,BA.2.86.X
KP.5,BA.2.86.X
KP.6,BA.2.86.X
KP.7,BA.2.86.X
KP.7.1,BA.2.86.X
KQ.1,BA.2.86.X
KR.1,BA.2.86.X
KR.1.1,BA.2.86.X
KR.1.2,BA.2.86.X
KR.1.3,BA.2.86.X
KR.1.4,BA.2.86.X
KR.3,BA.2.86.X
KR.4,BA.2.86.X
KR.4.1,BA.2.86.X
KR.5,BA.2.86.X
KS.1,BA.2.86.X
KS.1.1,BA.2.86.X
KS.1.1.1,BA.2.86.X
KS.1.1.2,BA.2.86.X
KS.1.1.3,BA.2.86.X
KS.1.2,BA.2.86.X
KS.1.3,BA.2.86.X
KS.1.4,BA.2.86.X
KS.1.5,BA.2.86.X
KS.2,BA.2.86.X
KT.1,XBB.2.3.X
KT.1.1,XBB.2.3.X
KT.1.2,XBB.2.3.X
KU.1,BA.2.86.X
KU.2,BA.2.86.X
KU.2.1,BA.2.86.X
KU.2.2,BA.2.86.X
KV.1,BA.2.86.X
KV.2,BA.2.86.X
KW.1,BA.2.86.X
KW.1.1,BA.2.86.X
KW.1.1.1,BA.2.86.X
KW.1.2,BA.2.86.X
KY.1,BA.2.86.X
KZ.1,BA.2.86.X
KZ.1.1,BA.2.86.X
KZ.1.1.1,BA.2.86.X
LA.1,BA.2.86.X
LA.2,BA.2.86.X
LB.1,BA.2.86.X
LB.1.1,BA.2.86.X
LB.1.10,BA.2.86.X
LB.1.11,BA.2.86.X
LB.1.11.1,BA.2.86.X
LB.1.11.2,BA.2.86.X
LB.1.2,BA.2.86.X
LB.1.2.1,BA.2.86.X
LB.1.2.2,BA.2.86.X
LB.1.2.3,BA.2.86.X
LB.1.3,BA.2.86.X
LB.1.3.1,BA.2.86.X
LB.1.3.2,BA.2.86.X
LB.1.3.3,BA.2.86.X
LB.1.3.4,BA.2.86.X
LB.1.3.5,BA.2.86.X
LB.1.4,BA.2.86.X
LB.1.4.1,BA.2.86.X
LB.1.4.2,BA.2.86.X
LB.1.4.3,BA.2.86.X
LB.1.5,BA.2.86.X
LB.1.6,BA.2.86.X
LB.1.7,BA.2.86.X
LB.1.7.1,BA.2.86.X
LB.1.7.2,BA.2.86.X
LB.1.7.3,BA.2.86.X
LB.1.7.4,BA.2.86.X
LB.1.8,BA.2.86.X
LB.1.9,BA.2.86.X
LC.1,BA.2.86.X
LD.1,BA.2.86.X
LD.1.1,BA.2.86.X
LD.2,BA.2.86.X
LE.1,BA.2.86.X
LE.1.1,BA.2.86.X
LE.1.2,BA.2.86.X
LE.1.3,BA.2.86.X
LE.1.3.1,BA.2.86.X
LE.2,BA.2.86.X
LF.1,BA.2.86.X
LF.1.1,BA.2.86.X
LF.1.1.1,BA.2.86.X
LF.10,BA.2.86.X
LF.2,BA.2.86.X
LF.3,BA.2.86.X
LF.3.1,BA.2.86.X
LF.3.1.1,BA.2.86.X
LF.3.1.2,BA.2.86.X
LF.4,BA.2.86.X
LF.4.1,BA.2.86.X
LF.5,BA.2.86.X
LF.6,BA.2.86.X
LF.7,BA.2.86.X
LF.7.1,BA.2.86.X
LF.7.1.1,BA.2.86.X
LF.7.1.10,BA.2.86.X
LF.7.1.11,BA.2.86.X
LF.7.1.12,BA.2.86.X
LF.7.1.13,BA.2.86.X
LF.7.1.14,BA.2.86.X
LF.7.1.15,BA.2.86.X
LF.7.1.2,BA.2.86.X
LF.7.1.3,BA.2.86.X
LF.7.1.4,BA.2.86.X
LF.7.1.5,BA.2.86.X
LF.7.1.6,BA.2.86.X
LF.7.1.7,BA.2.86.X
LF.7.1.8,BA.2.86.X
LF.7.1.9,BA.2.86.X
LF.7.10,BA.2.86.X
LF.7.10.1,BA.2.86.X
LF.7.10.2,BA.2.86.X
LF.7.11,BA.2.86.X
LF.7.11.1,BA.2.86.X
LF.7.11.2,BA.2.86.X
LF.7.11.3,BA.2.86.X
LF.7.11.4,BA.2.86.X
LF.7.12,BA.2.86.X
LF.7.12.1,BA.2.86.X
LF.7.2,BA.2.86.X
LF.7.2.1,BA.2.86.X
LF.7.2.2,BA.2.86.X
LF.7.3,BA.2.86.X
LF.7.3.1,BA.2.86.X
LF.7.3.2,BA.2.86.X
LF.7.3.3,BA.2.86.X
LF.7.3.4,BA.2.86.X
LF.7.3.5,BA.2.86.X
LF.7.3.6,BA.2.86.X
LF.7.4,BA.2.86.X
LF.7.5,BA.2.86.X
LF.7.6,BA.2.86.X
LF.7.6.1,BA.2.86.X
LF.7.6.2,BA.2.86.X
LF.7.6.3,BA.2.86.X
LF.7.6.4,BA.2.86.X
LF.7.6.5,BA.2.86.X
LF.7.7,BA.2.86.X
LF.7.7.1,BA.2.86.X
LF.7.7.2,BA.2.86.X
LF.7.8,BA.2.86.X
LF.7.9,BA.2.86.X
LF.7.9.1,BA.2.86.X
LF.7.9.2,BA.2.86.X
LF.7.9.3,BA.2.86.X
LF.7.9.4,BA.2.86.X
LF.7.9.5,BA.2.86.X
LF.8,BA.2.86.X
LF.8.1,BA.2.86.X
LF.8.1.1,BA.2.86.X
LF.9,BA.2.86.X
LF.9.1,BA.2.86.X
LG.1,BA.2.86.X
LH.1,BA.2.86.X
LH.2,BA.2.86.X
LH.3,BA.2.86.X
LJ.1,BA.2.86.X
LK.1,BA.2.86.X
LK.2,BA.2.86.X
LK.2.1,BA.2.86.X
LL.1,BA.2.86.X
LM.1,BA.2.86.X
LN.1,BA.2.86.X
LN.1.1,BA.2.86.X
LP.1,BA.2.86.X
LP.1.1,BA.2.86.X
LP.1.2,BA.2.86.X
LP.1.2.1,BA.2.86.X
LP.10,BA.2.86.X
LP.10.1,BA.2.86.X
LP.10.1.1,BA.2.86.X
LP.11,BA.2.86.X
LP.2,BA.2.86.X
LP.3,BA.2.86.X
LP.4,BA.2.86.X
LP.5,BA.2.86.X
LP.6,BA.2.86.X
LP.7,BA.2.86.X
LP.8,BA.2.86.X
LP.8.1,LP.8.1.X
LP.8.1.1,LP.8.1.X
LP.8.1.10,LP.8.1.X
LP.8.1.11,LP.8.1.X
LP.8.1.12,LP.8.1.X
LP.8.1.13,LP.8.1.X
LP.8.1.14,LP.8.1.X
LP.8.1.15,LP.8.1.X
LP.8.1.16,LP.8.1.X
LP.8.1.2,LP.8.1.X
LP.8.1.3,LP.8.1.X
LP.8.1.4,LP.8.1.X
LP.8.1.5,LP.8.1.X
LP.8.1.6,LP.8.1.X
LP.8.1.7,LP.8.1.X
LP.8.1.8,LP.8.1.X
LP.8.1.9,LP.8.1.X
LP.8.2,BA.2.86.X
LP.8.2.1,BA.2.86.X
LP.9,BA.2.86.X
LQ.1,BA.2.86.X
LQ.1.1,BA.2.86.X
LQ.1.1.1,BA.2.86.X
LQ.1.2,BA.2.86.X
LQ.2,BA.2.86.X
LQ.3,BA.2.86.X
LR.1,BA.2.86.X
LR.2,BA.2.86.X
LR.3,BA.2.86.X
LS.1,BA.2.86.X
LS.2,BA.2.86.X
LS.2.1,BA.2.86.X
LS.2.1.1,BA.2.86.X
LT.1,BA.2.86.X
LU.1,BA.2.86.X
LU.2,BA.2.86.X
LU.2.1,BA.2.86.X
LU.2.1.1,BA.2.86.X
LU.2.2,BA.2.86.X
LV.1,BA.2.86.X
LV.2,BA.2.86.X
LW.1,KP.3.X
LW.1.1,KP.3.X
LW.1.2,KP.3.X
LY.1,BA.2.86.X
LY.2,BA.2.86.X
LZ.1,BA.2.86.X
LZ.1.1,BA.2.86.X
LZ.2,BA.2.86.X
LZ.2.1,BA.2.86.X
LZ.2.1.1,BA.2.86.X
LZ.2.1.2,BA.2.86.X
LZ.2.2,BA.2.86.X
LZ.3,BA.2.86.X
LZ.4,BA.2.86.X
LZ.5,BA.2.86.X
MA.1,BA.2.86.X
MA.1.1,BA.2.86.X
MA.1.1.1,BA.2.86.X
MA.1.2,BA.2.86.X
MB.1,BA.2.86.X
MB.1.1,BA.2.86.X
MB.1.1.1,BA.2.86.X
MB.1.1.2,BA.2.86.X
MB.1.1.3,BA.2.86.X
MC.1,KP.3.1.1.X
MC.1.1,KP.3.1.1.X
MC.1.1.1,KP.3.1.1.X
MC.1.2,KP.3.1.1.X
MC.1.3,KP.3.1.1.X
MC.1.3.1,KP.3.1.1.X
MC.1.4,KP.3.1.1.X
MC.1.4.1,KP.3.1.1.X
MC.1.5,KP.3.1.1.X
MC.1.6,KP.3.1.1.X
MC.1.7,KP.3.1.1.X
MC.10,KP.3.1.1.X
MC.10.1,KP.3.1.1.X
MC.10.1.1,KP.3.1.1.X
MC.10.1.2,KP.3.1.1.X
MC.10.1.3,KP.3.1.1.X
MC.10.1.4,KP.3.1.1.X
MC.10.1.5,KP.3.1.1.X
MC.10.1.6,KP.3.1.1.X
MC.10.1.7,KP.3.1.1.X
MC.10.1.8,KP.3.1.1.X
MC.10.2,KP.3.1.1.X
MC.10.2.1,KP.3.1.1.X
MC.10.2.2,KP.3.1.1.X
MC.10.2.3,KP.3.1.1.X
MC.11,KP.3.1.1.X
MC.11.1,KP.3.1.1.X
MC.11.2,KP.3.1.1.X
MC.11.3,KP.3.1.1.X
MC.11.3.1,KP.3.1.1.X
MC.12,KP.3.1.1.X
MC.13,KP.3.1.1.X
MC.13.1,KP.3.1.1.X
MC.13.2,KP.3.1.1.X
MC.13.2.1,KP.3.1.1.X
MC.13.2.2,KP.3.1.1.X
MC.13.2.3,KP.3.1.1.X
MC.13.2.4,KP.3.1.1.X
MC.13.3,KP.3.1.1.X
MC.13.3.1,KP.3.1.1.X
MC.13.4,KP.3.1.1.X
MC.14,KP.3.1.1.X
MC.15,KP.3.1.1.X
MC.16,KP.3.1.1.X
MC.17,KP.3.1.1.X
MC.17.1,KP.3.1.1.X
MC.18,KP.3.1.1.X
MC.18.1,KP.3.1.1.X
MC.18.2,KP.3.1.1.X
MC.19,KP.3.1.1.X
MC.19.1,KP.3.1.1.X
MC.19.1.1,KP.3.1.1.X
MC.2,KP.3.1.1.X
MC.2.1,KP.3.1.1.X
MC.20,KP.3.1.1.X
MC.21,KP.3.1.1.X
MC.21.1,KP.3.1.1.X
MC.21.2,KP.3.1.1.X
MC.22,KP.3.1.1.X
MC.23,KP.3.1.1.X
MC.24,KP.3.1.1.X
MC.24.1,KP.3.1.1.X
MC.24.2,KP.3.1.1.X
MC.25,KP.3.1.1.X
MC.26,KP.3.1.1.X
MC.26.1,KP.3.1.1.X
MC.27,KP.3.1.1.X
MC.28,KP.3.1.1.X
MC.28.1,KP.3.1.1.X
MC.28.1.1,KP.3.1.1.X
MC.29,KP.3.1.1.X
MC.3,KP.3.1.1.X
MC.30,KP.3.1.1.X
MC.30.1,KP.3.1.1.X
MC.30.1.1,KP.3.1.1.X
MC.31,KP.3.1.1.X
MC.32,KP.3.1.1.X
MC.32.1,KP.3.1.1.X
MC.32.1.1,KP.3.1.1.X
MC.33,KP.3.1.1.X
MC.33.1,KP.3.1.1.X
MC.33.1.1,KP.3.1.1.X
MC.33.2,KP.3.1.1.X
MC.35,KP.3.1.1.X
MC.36,KP.3.1.1.X
MC.36.1,KP.3.1.1.X
MC.36.2,KP.3.1.1.X
MC.37,KP.3.1.1.X
MC.38,KP.3.1.1.X
MC.39,KP.3.1.1.X
MC.4,KP.3.1.1.X
MC.40,KP.3.1.1.X
MC.40.1,KP.3.1.1.X
MC.41,KP.3.1.1.X
MC.42,KP.3.1.1.X
MC.43,KP.3.1.1.X
MC.44,KP.3.1.1.X
MC.45,KP.3.1.1.X
MC.46,KP.3.1.1.X
MC.46.1,KP.3.1.1.X
MC.5,KP.3.1.1.X
MC.6,KP.3.1.1.X
MC.6.1,KP.3.1.1.X
MC.7,KP.3.1.1.X
MC.8,KP.3.1.1.X
MC.8.1,KP.3.1.1.X
MC.9,KP.3.1.1.X
MC.9.1,KP.3.1.1.X
MC.9.2,KP.3.1.1.X
MC.9.3,KP.3.1.1.X
MD.1,BA.2.86.X
MD.1.1,BA.2.86.X
MD.1.1.1,BA.2.86.X
MD.1.1.2,BA.2.86.X
MD.1.2,BA.2.86.X
MD.2,BA.2.86.X
MD.3,BA.2.86.X
MD.3.1,BA.2.86.X
MD.3.1.1,BA.2.86.X
MD.3.1.2,BA.2.86.X
MD.3.1.3,BA.2.86.X
MD.3.1.4,BA.2.86.X
MD.4,BA.2.86.X
MD.4.1,BA.2.86.X
ME.1,BA.2.86.X
MF.1,BA.2.86.X
MF.2,BA.2.86.X
MG.1,BA.2.86.X
MG.2,BA.2.86.X
MG.3,BA.2.86.X
MG.4,BA.2.86.X
MH.1,BA.2.86.X
MJ.1,BA.2.86.X
MJ.1.1,BA.2.86.X
MJ.2,BA.2.86.X
MJ.2.1,BA.2.86.X
MJ.2.1.1,BA.2.86.X
MK.1,KP.3.X
MK.2,KP.3.X
MK.3,KP.3.X
ML.1,KP.3.X
ML.2,KP.3.X
MM.1,KP.3.X
MM.2,KP.3.X
MN.1,BA.2.86.X
MP.1,BA.2.86.X
MP.1.1,BA.2.86.X
MQ.1,BA.2.86.X
MQ.2,BA.2.86.X
MR.1,KP.3.X
MR.2,KP.3.X
MS.1,BA.2.86.X
MT.1,BA.2.86.X
MT.1.1,BA.2.86.X
MU.1,BA.2.86.X
MU.1.1,BA.2.86.X
MU.2,BA.2.86.X
MU.2.1,BA.2.86.X
MU.2.1.1,BA.2.86.X
MU.3,BA.2.86.X
MU.4,BA.2.86.X
MU.5,BA.2.86.X
MU.6,BA.2.86.X
MV.1,BA.2.86.X
MV.1.1,BA.2.86.X
MV.1.1.1,BA.2.86.X
MV.1.2,BA.2.86.X
MV.1.3,BA.2.86.X
MV.1.3.1,BA.2.86.X
MV.1.3.2,BA.2.86.X
MV.1.4,BA.2.86.X
MV.1.4.1,BA.2.86.X
MV.1.5,BA.2.86.X
MV.1.6,BA.2.86.X
MV.1.7,BA.2.86.X
MV.1.8,BA.2.86.X
MV.1.9,BA.2.86.X
MV.2,BA.2.86.X
MV.3,BA.2.86.X
MW.1,BA.2.86.X
MY.1,KP.3.X
MZ.1,BA.2.86.X
MZ.2,BA.2.86.X
MZ.3,BA.2.86.X
MZ.4,BA.2.86.X
MZ.4.1,BA.2.86.X
MZ.5,BA.2.86.X
NA.1,BA.2.86.X
NA.1.1,BA.2.86.X
NA.2,BA.2.86.X
NB.1.8.1,NB.1.8.1.X
NC.1,BA.2.86.X
NC.1.1,BA.2.86.X
NC.1.2,BA.2.86.X
NC.1.2.1,BA.2.86.X
NC.1.2.2,BA.2.86.X
NC.2,BA.2.86.X
ND.1,BA.2.86.X
ND.1.1,BA.2.86.X
ND.1.1.1,BA.2.86.X
ND.1.1.2,BA.2.86.X
ND.1.1.3,BA.2.86.X
ND.2,BA.2.86.X
ND.2.1,BA.2.86.X
ND.3,BA.2.86.X
NE.1,BA.2.86.X
NF.1,BA.2.86.X
NF.1.1,BA.2.86.X
NF.1.2,BA.2.86.X
NF.1.3,BA.2.86.X
NF.1.4,BA.2.86.X
NF.1.5,BA.2.86.X
NG.1,BA.2.86.X
NH.1,BA.2.86.X
NH.2,BA.2.86.X
NH.3,BA.2.86.X
NH.4,BA.2.86.X
NJ.1,BA.2.86.X
NK.1,BA.2.86.X
NL.1,BA.2.86.X
NL.1.1,BA.2.86.X
NL.10,BA.2.86.X
NL.11,BA.2.86.X
NL.12,BA.2.86.X
NL.13,BA.2.86.X
NL.14,BA.2.86.X
NL.15,BA.2.86.X
NL.16,BA.2.86.X
NL.16.1,BA.2.86.X
NL.17,BA.2.86.X
NL.18,BA.2.86.X
NL.19,BA.2.86.X
NL.2,BA.2.86.X
NL.2.1,BA.2.86.X
NL.20,BA.2.86.X
NL.21,BA.2.86.X
NL.22,BA.2.86.X
NL.22.1,BA.2.86.X
NL.23,BA.2.86.X
NL.3,BA.2.86.X
NL.3.1,BA.2.86.X
NL.4,BA.2.86.X
NL.4.1,BA.2.86.X
NL.4.1.1,BA.2.86.X
NL.4.2,BA.2.86.X
NL.5,BA.2.86.X
NL.5.1,BA.2.86.X
NL.5.2,BA.2.86.X
NL.5.2.1,BA.2.86.X
NL.6,BA.2.86.X
NL.6.1,BA.2.86.X
NL.7,BA.2.86.X
NL.8,BA.2.86.X
NL.8.1,BA.2.86.X
NL.9,BA.2.86.X
NM.1,BA.2.86.X
NM.2,BA.2.86.X
NM.3,BA.2.86.X
NN.1,BA.2.86.X
NN.1.1,BA.2.86.X
NN.2,BA.2.86.X
NP.1,KP.3.X
NP.2,KP.3.X
NQ.1,KP.3.X
NR.1,KP.3.X
NS.1,BA.2.86.X
NS.1.1,BA.2.86.X
NS.1.2,BA.2.86.X
NS.2,BA.2.86.X
NS.3,BA.2.86.X
NT.1,BA.2.86.X
NT.2,BA.2.86.X
NT.2.1,BA.2.86.X
NT.3,BA.2.86.X
NT.4,BA.2.86.X
NT.5,BA.2.86.X
NU.1,BA.2.86.X
NV.1,KP.3.X
NW.1,LP.8.1.X
NW.1.1,LP.8.1.X
NW.1.1.1,LP.8.1.X
NW.1.2,LP.8.1.X
NW.1.2.1,LP.8.1.X
NW.1.2.2,LP.8.1.X
NW.1.2.3,LP.8.1.X
NW.1.2.4,LP.8.1.X
NW.1.2.5,LP.8.1.X
NW.1.2.6,LP.8.1.X
NW.1.3,LP.8.1.X
NW.1.4,LP.8.1.X
NW.1.5,LP.8.1.X
NW.1.6,LP.8.1.X
NW.1.7,LP.8.1.X
NW.1.7.1,LP.8.1.X
NW.1.7.2,LP.8.1.X
NW.1.7.3,LP.8.1.X
NW.1.7.4,LP.8.1.X
NW.1.8,LP.8.1.X
NW.2,LP.8.1.X
NW.3,LP.8.1.X
NW.3.1,LP.8.1.X
NW.3.2,LP.8.1.X
NY.1,LP.8.1.X
NY.1.1,LP.8.1.X
NY.1.2,LP.8.1.X
NY.1.2.1,LP.8.1.X
NY.10,LP.8.1.X
NY.11,LP.8.1.X
NY.11.1,LP.8.1.X
NY.12,LP.8.1.X
NY.12.1,LP.8.1.X
NY.13,LP.8.1.X
NY.13.1,LP.8.1.X
NY.13.2,LP.8.1.X
NY.13.2.1,LP.8.1.X
NY.13.3,LP.8.1.X
NY.13.3.1,LP.8.1.X
NY.14,LP.8.1.X
NY.15,LP.8.1.X
NY.15.1,LP.8.1.X
NY.15.2,LP.8.1.X
NY.16,LP.8.1.X
NY.16.1,LP.8.1.X
NY.16.2,LP.8.1.X
NY.17,LP.8.1.X
NY.17.1,LP.8.1.X
NY.17.2,LP.8.1.X
NY.18,LP.8.1.X
NY.18.1,LP.8.1.X
NY.19,LP.8.1.X
NY.2,LP.8.1.X
NY.20,LP.8.1.X
NY.20.1,LP.8.1.X
NY.21,LP.8.1.X
NY.22,LP.8.1.X
NY.23,LP.8.1.X
NY.24,LP.8.1.X
NY.25,LP.8.1.X
NY.25.1,LP.8.1.X
NY.26,LP.8.1.X
NY.26.1,LP.8.1.X
NY.26.2,LP.8.1.X
NY.26.3,LP.8.1.X
NY.26.4,LP.8.1.X
NY.3,LP.8.1.X
NY.3.1,LP.8.1.X
NY.3.1.1,LP.8.1.X
NY.3.1.2,LP.8.1.X
NY.3.1.3,LP.8.1.X
NY.3.2,LP.8.1.X
NY.3.3,LP.8.1.X
NY.3.3.1,LP.8.1.X
NY.3.4,LP.8.1.X
NY.3.5,LP.8.1.X
NY.3.6,LP.8.1.X
NY.3.7,LP.8.1.X
NY.3.7.1,LP.8.1.X
NY.3.8,LP.8.1.X
NY.4,LP.8.1.X
NY.4.1,LP.8.1.X
NY.5,LP.8.1.X
NY.6,LP.8.1.X
NY.7,LP.8.1.X
NY.7.1,LP.8.1.X
NY.7.1.1,LP.8.1.X
NY.7.1.2,LP.8.1.X
NY.7.2,LP.8.1.X
NY.8,LP.8.1.X
NY.9,LP.8.1.X
NZ.1,BA.2.86.X
P.1,Gamma
P.1.1,Gamma
P.1.10,Gamma
P.1.10.1,Gamma
P.1.10.2,Gamma
P.1.11,Gamma
P.1.12,Gamma
P.1.12.1,Gamma
P.1.13,Gamma
P.1.14,Gamma
P.1.15,Gamma
P.1.16,Gamma
P.1.17,Gamma
P.1.17.1,Gamma
P.1.2,Gamma
P.1.3,Gamma
P.1.4,Gamma
P.1.5,Gamma
P.1.6,Gamma
P.1.7,Gamma
P.1.7.1,Gamma
P.1.8,Gamma
P.1.9,Gamma
P.2,Zeta
P.3,Theta
PA.1,KP.3.1.1.X
PA.1.1,KP.3.1.1.X
PA.1.2,KP.3.1.1.X
PA.1.3,KP.3.1.1.X
PA.1.4,KP.3.1.1.X
PA.2,KP.3.1.1.X
PA.3,KP.3.1.1.X
PA.4,KP.3.1.1.X
PA.4.1,KP.3.1.1.X
PA.4.2,KP.3.1.1.X
PB.1,KP.3.X
PB.2,KP.3.X
PC.1,BA.2.86.X
PC.2,BA.2.86.X
PC.2.1,BA.2.86.X
PC.2.1.1,BA.2.86.X
PC.2.1.2,BA.2.86.X
PC.2.2,BA.2.86.X
PC.2.2.1,BA.2.86.X
PC.2.3,BA.2.86.X
PC.3,BA.2.86.X
PC.3.1,BA.2.86.X
PC.3.2,BA.2.86.X
PC.3.3,BA.2.86.X
PC.3.4,BA.2.86.X
PC.4,BA.2.86.X
PC.4.1,BA.2.86.X
PC.4.1.1,BA.2.86.X
PC.5,BA.2.86.X
PD.1,LP.8.1.X
PD.1.1,LP.8.1.X
PD.1.2,LP.8.1.X
PD.1.2.1,LP.8.1.X
PD.2,LP.8.1.X
PD.2.1,LP.8.1.X
PD.3,LP.8.1.X
PE.1,KP.3.1.1.X
PE.1.1,KP.3.1.1.X
PE.1.1.1,KP.3.1.1.X
PE.1.2,KP.3.1.1.X
PE.1.3,KP.3.1.1.X
PE.1.4,KP.3.1.1.X
PE.1.4.1,KP.3.1.1.X
PE.1.4.2,KP.3.1.1.X
PE.1.4.3,KP.3.1.1.X
PE.1.4.4,KP.3.1.1.X
PE.1.5,KP.3.1.1.X
PE.1.6,KP.3.1.1.X
PE.1.7,KP.3.1.1.X
PE.2,KP.3.1.1.X
PE.3,KP.3.1.1.X
PE.4,KP.3.1.1.X
PE.4.1,KP.3.1.1.X
PF.1,LP.8.1.X
PF.2,LP.8.1.X
PF.2.1,LP.8.1.X
PF.2.2,LP.8.1.X
PF.2.2.1,LP.8.1.X
PF.2.3,LP.8.1.X
PF.2.4,LP.8.1.X
PF.3,LP.8.1.X
PF.3.1,LP.8.1.X
PF.4,LP.8.1.X
PF.5,LP.8.1.X
PG.1,KP.3.X
PG.2,KP.3.X
PG.3,KP.3.X
PG.3.1,KP.3.X
PG.3.2,KP.3.X
PG.4,KP.3.X
PG.4.1,KP.3.X
PG.5,KP.3.X
PG.6,KP.3.X
PH.1,KP.3.1.1.X
PJ.1,KP.3.1.1.X
PK.1,BA.2.86.X
PK.1.1,BA.2.86.X
PL.1,BA.2.86.X
PL.1.1,BA.2.86.X
PL.1.2,BA.2.86.X
PL.2,BA.2.86.X
PL.3,BA.2.86.X
PL.4,BA.2.86.X
PL.5,BA.2.86.X
PL.6,BA.2.86.X
PM.1,KP.3.X
PM.1.1,KP.3.X
PM.1.2,KP.3.X
PM.2,KP.3.X
PM.3,KP.3.X
PP.1,LP.8.1.X
PP.1.1,LP.8.1.X
PP.1.1.1,LP.8.1.X
PP.1.2,LP.8.1.X
PP.2,LP.8.1.X
PP.2.1,LP.8.1.X
PQ.1,NB.1.8.1.X
PQ.1.1,NB.1.8.1.X
PQ.1.2,NB.1.8.1.X
PQ.1.3,NB.1.8.1.X
PQ.1.4,NB.1.8.1.X
PQ.1.5,NB.1.8.1.X
PQ.1.6,NB.1.8.1.X
PQ.1.6.1,NB.1.8.1.X
PQ.10,NB.1.8.1.X
PQ.10.1,NB.1.8.1.X
PQ.10.1.1,NB.1.8.1.X
PQ.10.1.2,NB.1.8.1.X
PQ.10.1.3,NB.1.8.1.X
PQ.10.1.4,NB.1.8.1.X
PQ.10.1.5,NB.1.8.1.X
PQ.11,NB.1.8.1.X
PQ.12,NB.1.8.1.X
PQ.13,NB.1.8.1.X
PQ.13.1,NB.1.8.1.X
PQ.13.2,NB.1.8.1.X
PQ.13.3,NB.1.8.1.X
PQ.13.3.1,NB.1.8.1.X
PQ.14,NB.1.8.1.X
PQ.14.1,NB.1.8.1.X
PQ.14.1.1,NB.1.8.1.X
PQ.14.2,NB.1.8.1.X
PQ.14.3,NB.1.8.1.X
PQ.14.3.1,NB.1.8.1.X
PQ.14.4,NB.1.8.1.X
PQ.15,NB.1.8.1.X
PQ.16,NB.1.8.1.X
PQ.16.1,NB.1.8.1.X
PQ.16.1.1,NB.1.8.1.X
PQ.17,NB.1.8.1.X
PQ.17.1,NB.1.8.1.X
PQ.17.10,NB.1.8.1.X
PQ.17.10.1,NB.1.8.1.X
PQ.17.11,NB.1.8.1.X
PQ.17.11.1,NB.1.8.1.X
PQ.17.11.2,NB.1.8.1.X
PQ.17.11.3,NB.1.8.1.X
PQ.17.12,NB.1.8.1.X
PQ.17.12.1,NB.1.8.1.X
PQ.17.13,NB.1.8.1.X
PQ.17.2,NB.1.8.1.X
PQ.17.2.1,NB.1.8.1.X
PQ.17.3,NB.1.8.1.X
PQ.17.4,NB.1.8.1.X
PQ.17.5,NB.1.8.1.X
PQ.17.6,NB.1.8.1.X
PQ.17.7,NB.1.8.1.X
PQ.17.7.1,NB.1.8.1.X
PQ.17.7.2,NB.1.8.1.X
PQ.17.8,NB.1.8.1.X
PQ.17.9,NB.1.8.1.X
PQ.18,NB.1.8.1.X
PQ.19,NB.1.8.1.X
PQ.2,NB.1.8.1.X
PQ.2.1,NB.1.8.1.X
PQ.2.1.1,NB.1.8.1.X
PQ.2.1.10,NB.1.8.1.X
PQ.2.1.11,NB.1.8.1.X
PQ.2.1.12,NB.1.8.1.X
PQ.2.1.13,NB.1.8.1.X
PQ.2.1.14,NB.1.8.1.X
PQ.2.1.15,NB.1.8.1.X
PQ.2.1.16,NB.1.8.1.X
PQ.2.1.17,NB.1.8.1.X
PQ.2.1.2,NB.1.8.1.X
PQ.2.1.3,NB.1.8.1.X
PQ.2.1.4,NB.1.8.1.X
PQ.2.1.5,NB.1.8.1.X
PQ.2.1.6,NB.1.8.1.X
PQ.2.1.7,NB.1.8.1.X
PQ.2.1.8,NB.1.8.1.X
PQ.2.1.9,NB.1.8.1.X
PQ.2.10,NB.1.8.1.X
PQ.2.10.1,NB.1.8.1.X
PQ.2.11,NB.1.8.1.X
PQ.2.11.1,NB.1.8.1.X
PQ.2.12,NB.1.8.1.X
PQ.2.12.1,NB.1.8.1.X
PQ.2.13,NB.1.8.1.X
PQ.2.13.1,NB.1.8.1.X
PQ.2.14,NB.1.8.1.X
PQ.2.14.1,NB.1.8.1.X
PQ.2.15,NB.1.8.1.X
PQ.2.2,NB.1.8.1.X
PQ.2.3,NB.1.8.1.X
PQ.2.4,NB.1.8.1.X
PQ.2.4.1,NB.1.8.1.X
PQ.2.4.2,NB.1.8.1.X
PQ.2.4.3,NB.1.8.1.X
PQ.2.4.4,NB.1.8.1.X
PQ.2.5,NB.1.8.1.X
PQ.2.5.1,NB.1.8.1.X
PQ.2.5.2,NB.1.8.1.X
PQ.2.5.3,NB.1.8.1.X
PQ.2.5.4,NB.1.8.1.X
PQ.2.5.5,NB.1.8.1.X
PQ.2.5.6,NB.1.8.1.X
PQ.2.6,NB.1.8.1.X
PQ.2.7,NB.1.8.1.X
PQ.2.7.1,NB.1.8.1.X
PQ.2.7.2,NB.1.8.1.X
PQ.2.8,NB.1.8.1.X
PQ.2.8.1,NB.1.8.1.X
PQ.2.8.2,NB.1.8.1.X
PQ.2.9,NB.1.8.1.X
PQ.20,NB.1.8.1.X
PQ.21,NB.1.8.1.X
PQ.22,NB.1.8.1.X
PQ.23,NB.1.8.1.X
PQ.24,NB.1.8.1.X
PQ.25,NB.1.8.1.X
PQ.25.1,NB.1.8.1.X
PQ.25.2,NB.1.8.1.X
PQ.25.3,NB.1.8.1.X
PQ.25.3.1,NB.1.8.1.X
PQ.26,NB.1.8.1.X
PQ.27,NB.1.8.1.X
PQ.28,NB.1.8.1.X
PQ.29,NB.1.8.1.X
PQ.3,NB.1.8.1.X
PQ.30,NB.1.8.1.X
PQ.31,NB.1.8.1.X
PQ.31.1,NB.1.8.1.X
PQ.31.1.1,NB.1.8.1.X
PQ.31.2,NB.1.8.1.X
PQ.31.3,NB.1.8.1.X
PQ.31.3.1,NB.1.8.1.X
PQ.31.4,NB.1.8.1.X
PQ.32,NB.1.8.1.X
PQ.33,NB.1.8.1.X
PQ.34,NB.1.8.1.X
PQ.34.1,NB.1.8.1.X
PQ.35,NB.1.8.1.X
PQ.36,NB.1.8.1.X
PQ.37,NB.1.8.1.X
PQ.38,NB.1.8.1.X
PQ.39,NB.1.8.1.X
PQ.39.1,NB.1.8.1.X
PQ.4,NB.1.8.1.X
PQ.4.1,NB.1.8.1.X
PQ.4.10,NB.1.8.1.X
PQ.4.10.1,NB.1.8.1.X
PQ.4.2,NB.1.8.1.X
PQ.4.3,NB.1.8.1.X
PQ.4.4,NB.1.8.1.X
PQ.4.5,NB.1.8.1.X
PQ.4.6,NB.1.8.1.X
PQ.4.6.1,NB.1.8.1.X
PQ.4.6.2,NB.1.8.1.X
PQ.4.7,NB.1.8.1.X
PQ.4.8,NB.1.8.1.X
PQ.4.9,NB.1.8.1.X
PQ.40,NB.1.8.1.X
PQ.41,NB.1.8.1.X
PQ.41.1,NB.1.8.1.X
PQ.41.1.1,NB.1.8.1.X
PQ.42,NB.1.8.1.X
PQ.43,NB.1.8.1.X
PQ.43.1,NB.1.8.1.X
PQ.43.1.1,NB.1.8.1.X
PQ.43.2,NB.1.8.1.X
PQ.44,NB.1.8.1.X
PQ.45,NB.1.8.1.X
PQ.46,NB.1.8.1.X
PQ.46.1,NB.1.8.1.X
PQ.47,NB.1.8.1.X
PQ.48,NB.1.8.1.X
PQ.48.1,NB.1.8.1.X
PQ.49,NB.1.8.1.X
PQ.5,NB.1.8.1.X
PQ.5.1,NB.1.8.1.X
PQ.5.1.1,NB.1.8.1.X
PQ.5.1.2,NB.1.8.1.X
PQ.50,NB.1.8.1.X
PQ.50.1,NB.1.8.1.X
PQ.6,NB.1.8.1.X
PQ.6.1,NB.1.8.1.X
PQ.6.1.1,NB.1.8.1.X
PQ.7,NB.1.8.1.X
PQ.8,NB.1.8.1.X
PQ.8.1,NB.1.8.1.X
PQ.8.1.1,NB.1.8.1.X
PQ.8.1.2,NB.1.8.1.X
PQ.8.1.3,NB.1.8.1.X
PQ.8.1.4,NB.1.8.1.X
PQ.9,NB.1.8.1.X
PQ.9.1,NB.1.8.1.X
PQ.9.1.1,NB.1.8.1.X
PR.1,LP.8.1.X
PR.2,LP.8.1.X
PR.3,LP.8.1.X
PS.1,BA.2.86.X
PS.2,BA.2.86.X
PS.3,BA.2.86.X
PT.1,XEC.X
PU.1,XEC.X
PV.1,BA.2.86.X
PV.2,BA.2.86.X
PV.3,BA.2.86.X
PV.3.1,BA.2.86.X
PW.1,BA.2.86.X
PW.2,BA.2.86.X
PW.3,BA.2.86.X
PY.1,BA.2.86.X
PY.1.1,BA.2.86.X
PY.1.1.1,BA.2.86.X
PY.1.2,BA.2.86.X
PY.1.3,BA.2.86.X
PY.1.4,BA.2.86.X
PY.1.4.1,BA.2.86.X
PY.1.5,BA.2.86.X
PY.1.6,BA.2.86.X
PY.1.7,BA.2.86.X
PY.1.8,BA.2.86.X
PY.2,BA.2.86.X
PY.3,BA.2.86.X
PY.4,BA.2.86.X
PY.4.1,BA.2.86.X
PY.5,BA.2.86.X
PY.6,BA.2.86.X
PY.7,BA.2.86.X
PZ.1,BA.2.86.X
Q.1,Alpha
Q.2,Alpha
Q.3,Alpha
Q.4,Alpha
Q.5,Alpha
Q.6,Alpha
Q.7,Alpha
Q.8,Alpha
QA.1,BA.2.86.X
QA.2,BA.2.86.X
QA.3,BA.2.86.X
QA.4,BA.2.86.X
QA.5,BA.2.86.X
QA.6,BA.2.86.X
QA.7,BA.2.86.X
QB.1,BA.2.86.X
QC.1,BA.2.86.X
QC.2,BA.2.86.X
QC.2.1,BA.2.86.X
QC.2.2,BA.2.86.X
QC.2.3,BA.2.86.X
QC.3,BA.2.86.X
QC.4,BA.2.86.X
QC.4.1,BA.2.86.X
QC.5,BA.2.86.X
QC.6,BA.2.86.X
QD.1,BA.2.86.X
QE.1,LP.8.1.X
QF.1,XFG.X
QF.1.1,XFG.X
QF.1.1.1,XFG.X
QF.2,XFG.X
QF.2.1,XFG.X
QF.2.2,XFG.X
QF.2.2.1,XFG.X
QF.2.2.2,XFG.X
QF.2.3,XFG.X
QF.2.4,XFG.X
QF.2.5,XFG.X
QF.2.6,XFG.X
QF.3,XFG.X
QF.3.1,XFG.X
QF.4,XFG.X
QF.5,XFG.X
QF.5.1,XFG.X
QF.6,XFG.X
QF.7,XFG.X
QF.7.1,XFG.X
QG.1,XEC.X
QH.1,LP.8.1.X
QJ.1,BA.2.86.X
QJ.2,BA.2.86.X
QK.1,XFG.X
QK.1.1,XFG.X
QK.2,XFG.X
QK.3,XFG.X
QK.4,XFG.X
QM.1,LP.8.1.X
QM.2,LP.8.1.X
QM.3,LP.8.1.X
QP.1,KP.3.1.1.X
QQ.1,XFG.X
QQ.2,XFG.X
QQ.3,XFG.X
QR.1,BA.2.86.X
QR.2,BA.2.86.X
QS.1,XFG.X
QS.2,XFG.X
QS.3,XFG.X
QS.4,XFG.X
QT.1,XFG.X
QT.1.1,XFG.X
QT.1.2,XFG.X
QT.2,XFG.X
QT.3,XFG.X
QU.1,LP.8.1.X
QU.2,LP.8.1.X
QV.1,BA.2.86.X
QV.2,BA.2.86.X
QW.1,XFG.X
QW.1.1,XFG.X
QY.1,XFG.X
QY.2,XFG.X
QY.2.1,XFG.X
QY.2.1.1,XFG.X
QY.2.2,XFG.X
QY.2.2.1,XFG.X
QY.3,XFG.X
QZ.1,XFG.X
RA.1,Omicron
RB.1,XFG.X
RB.2,XFG.X
RC.1,NB.1.8.1.X
RC.10,NB.1.8.1.X
RC.11,NB.1.8.1.X
RC.12,NB.1.8.1.X
RC.2,NB.1.8.1.X
RC.2.1,NB.1.8.1.X
RC.3,NB.1.8.1.X
RC.4,NB.1.8.1.X
RC.5,NB.1.8.1.X
RC.6,NB.1.8.1.X
RC.7,NB.1.8.1.X
RC.7.1,NB.1.8.1.X
RC.7.1.1,NB.1.8.1.X
RC.8,NB.1.8.1.X
RC.9,NB.1.8.1.X
RD.1,BA.3.2.X
RD.1.1,BA.3.2.X
RD.1.1.1,BA.3.2.X
RD.1.2,BA.3.2.X
RE.1,BA.3.2.X
RE.1.1,BA.3.2.X
RE.1.1.1,BA.3.2.X
RE.1.1.2,BA.3.2.X
RE.1.1.3,BA.3.2.X
RE.1.1.4,BA.3.2.X
RE.1.1.5,BA.3.2.X
RE.1.1.6,BA.3.2.X
RE.1.2,BA.3.2.X
RE.2,BA.3.2.X
RE.2.1,BA.3.2.X
RE.2.1.1,BA.3.2.X
RE.2.1.2,BA.3.2.X
RE.2.1.3,BA.3.2.X
RE.2.1.4,BA.3.2.X
RE.2.1.5,BA.3.2.X
RE.2.1.6,BA.3.2.X
RE.2.2,BA.3.2.X
RE.2.2.1,BA.3.2.X
RE.2.2.2,BA.3.2.X
RE.2.2.3,BA.3.2.X
RE.2.2.4,BA.3.2.X
RE.2.2.5,BA.3.2.X
RE.2.2.6,BA.3.2.X
RE.2.2.7,BA.3.2.X
RE.2.2.8,BA.3.2.X
RE.2.2.9,BA.3.2.X
RE.2.3,BA.3.2.X
RE.2.4,BA.3.2.X
RE.2.5,BA.3.2.X
RE.3,BA.3.2.X
RE.3.1,BA.3.2.X
RE.4,BA.3.2.X
RF.1,BA.2.86.X
RF.2,BA.2.86.X
RF.3,BA.2.86.X
RF.4,BA.2.86.X
RF.5,BA.2.86.X
RF.5.1,BA.2.86.X
RF.5.2,BA.2.86.X
RF.5.3,BA.2.86.X
RG.1,LP.8.1.X
RG.1.1,LP.8.1.X
RG.1.2,LP.8.1.X
RG.2,LP.8.1.X
RG.3,LP.8.1.X
RH.1,NB.1.8.1.X
RJ.1,NB.1.8.1.X
RK.1,NB.1.8.1.X
RK.1.1,NB.1.8.1.X
RK.1.2,NB.1.8.1.X
RK.1.3,NB.1.8.1.X
RL.1,XFG.X
RM.1,XFG.X
RM.2,XFG.X
RM.3,XFG.X
RN.1,XFG.X
RN.2,XFG.X
RN.2.1,XFG.X
RP.1,XFG.X
RP.2,XFG.X
RQ.1,NB.1.8.1.X
RQ.2,NB.1.8.1.X
RR.1,NB.1.8.1.X
RS.1,BA.3.2.X
RS.1.1,BA.3.2.X
RS.1.1.1,BA.3.2.X
RS.1.2,BA.3.2.X
RS.1.3,BA.3.2.X
RS.1.4,BA.3.2.X
RS.1.5,BA.3.2.X
RS.2,BA.3.2.X
RS.3,BA.3.2.X
RS.4,BA.3.2.X
RS.5,BA.3.2.X
RS.6,BA.3.2.X
RT.1,BA.3.2.X
RT.2,BA.3.2.X
RU.1,BA.3.2.X
RV.1,XFG.X
RV.1.1,XFG.X
RV.1.1.1,XFG.X
RV.1.2,XFG.X
RV.1.3,XFG.X
RV.1.4,XFG.X
RV.2,XFG.X
RV.2.1,XFG.X
RW.1,Omicron
RW.1.1,Omicron
RW.1.1.1,Omicron
RW.1.1.2,Omicron
RW.1.1.3,Omicron
RY.1,NB.1.8.1.X
RY.1.1,NB.1.8.1.X
RZ.1,NB.1.8.1.X
RZ.2,NB.1.8.1.X
RZ.2.1,NB.1.8.1.X
SA.1,NB.1.8.1.X
SA.1.1,NB.1.8.1.X
SB.1,XFG.X
SB.1.1,XFG.X
SC.1,XFG.X
SD.1,XFG.X
SD.1.1,XFG.X
SE.1,XFG.X
SE.2,XFG.X
SE.2.1,XFG.X
SE.2.1.1,XFG.X
SF.1,NB.1.8.1.X
SF.1.1,NB.1.8.1.X
SG.1,NB.1.8.1.X
SH.1,NB.1.8.1.X
SJ.1,BA.3.2.X
SK.1,BA.3.2.X
SL.1,BA.3.2.X
SM.1,BA.3.2.X
SN.1,BA.3.2.X
SP.1,XFG.X
SP.2,XFG.X
SP.2.1,XFG.X
SQ.1,BA.3.2.X
SQ.1.1,BA.3.2.X
SQ.2,BA.3.2.X
SQ.3,BA.3.2.X
SS.1,BA.3.2.X
SS.2,BA.3.2.X
ST.1,XFG.X
SU.1,XFG.X
SV.1,NB.1.8.1.X
SV.1.1,NB.1.8.1.X
SV.2,NB.1.8.1.X
SV.2.1,NB.1.8.1.X
SV.3,NB.1.8.1.X
SV.4,NB.1.8.1.X
SV.4.1,NB.1.8.1.X
SW.1,XFG.X
SW.2,XFG.X
SY.1,NB.1.8.1.X
SZ.1,NB.1.8.1.X
SZ.2,NB.1.8.1.X
SZ.3,NB.1.8.1.X
SZ.3.1,NB.1.8.1.X
SZ.4,NB.1.8.1.X
TA.1,XFG.X
TB.1,XFG.X
TB.2,XFG.X
TC.1,XFG.X
XAA,Omicron
XAB,Omicron
XAC,Omicron
XAD,Omicron
XAE,Omicron
XAF,Omicron
XAG,Omicron
XAH,Omicron
XAJ,Omicron
XAK,Omicron
XAL,Omicron
XAM,Omicron
XAN,Omicron
XAP,Omicron
XAQ,Omicron
XAR,Omicron
XAS,Omicron
XAT,Omicron
XAU,Omicron
XAV,Omicron
XAZ,Omicron
XBB,XBB.X
XBB.1,XBB.X
XBB.1.1,XBB.X
XBB.1.10,XBB.X
XBB.1.11,XBB.X
XBB.1.11.1,XBB.X
XBB.1.12,XBB.X
XBB.1.12.1,XBB.X
XBB.1.13,XBB.X
XBB.1.13.1,XBB.X
XBB.1.14,XBB.X
XBB.1.14.1,XBB.X
XBB.1.15,XBB.X
XBB.1.15.1,XBB.X
XBB.1.16,XBB.1.16.X
XBB.1.16.1,XBB.1.16.X
XBB.1.16.10,XBB.1.16.X
XBB.1.16.11,XBB.1.16.X
XBB.1.16.12,XBB.1.16.X
XBB.1.16.13,XBB.1.16.X
XBB.1.16.14,XBB.1.16.X
XBB.1.16.15,XBB.1.16.X
XBB.1.16.16,XBB.1.16.X
XBB.1.16.17,XBB.1.16.X
XBB.1.16.18,XBB.1.16.X
XBB.1.16.19,XBB.1.16.X
XBB.1.16.2,XBB.1.16.X
XBB.1.16.20,XBB.1.16.X
XBB.1.16.21,XBB.1.16.X
XBB.1.16.22,XBB.1.16.X
XBB.1.16.23,XBB.1.16.X
XBB.1.16.24,XBB.1.16.X
XBB.1.16.25,XBB.1.16.X
XBB.1.16.26,XBB.1.16.X
XBB.1.16.27,XBB.1.16.X
XBB.1.16.28,XBB.1.16.X
XBB.1.16.29,XBB.1.16.X
XBB.1.16.3,XBB.1.16.X
XBB.1.16.30,XBB.1.16.X
XBB.1.16.31,XBB.1.16.X
XBB.1.16.32,XBB.1.16.X
XBB.1.16.4,XBB.1.16.X
XBB.1.16.5,XBB.1.16.X
XBB.1.16.6,XBB.1.16.X
XBB.1.16.7,XBB.1.16.X
XBB.1.16.8,XBB.1.16.X
XBB.1.16.9,XBB.1.16.X
XBB.1.17,XBB.X
XBB.1.17.1,XBB.X
XBB.1.17.2,XBB.X
XBB.1.18,XBB.X
XBB.1.18.1,XBB.X
XBB.1.19,XBB.X
XBB.1.19.1,XBB.X
XBB.1.19.2,XBB.X
XBB.1.2,XBB.X
XBB.1.20,XBB.X
XBB.1.21,XBB.X
XBB.1.22,XBB.X
XBB.1.22.1,XBB.X
XBB.1.22.2,XBB.X
XBB.1.22.3,XBB.X
XBB.1.23,XBB.X
XBB.1.24,XBB.X
XBB.1.24.1,XBB.X
XBB.1.24.2,XBB.X
XBB.1.24.3,XBB.X
XBB.1.25,XBB.X
XBB.1.26,XBB.X
XBB.1.27,XBB.X
XBB.1.28,XBB.X
XBB.1.28.1,XBB.X
XBB.1.29,XBB.X
XBB.1.3,XBB.X
XBB.1.30,XBB.X
XBB.1.31,XBB.X
XBB.1.31.1,XBB.X
XBB.1.31.2,XBB.X
XBB.1.32,XBB.X
XBB.1.32.1,XBB.X
XBB.1.33,XBB.X
XBB.1.34,XBB.X
XBB.1.34.1,XBB.X
XBB.1.34.2,XBB.X
XBB.1.35,XBB.X
XBB.1.36,XBB.X
XBB.1.37,XBB.X
XBB.1.37.1,XBB.X
XBB.1.38,XBB.X
XBB.1.38.1,XBB.X
XBB.1.39,XBB.X
XBB.1.4,XBB.X
XBB.1.4.1,XBB.X
XBB.1.4.2,XBB.X
XBB.1.40,XBB.X
XBB.1.41,XBB.X
XBB.1.41.1,XBB.X
XBB.1.41.2,XBB.X
XBB.1.41.3,XBB.X
XBB.1.42,XBB.X
XBB.1.42.1,XBB.X
XBB.1.42.2,XBB.X
XBB.1.43,XBB.X
XBB.1.43.1,XBB.X
XBB.1.44,XBB.X
XBB.1.44.1,XBB.X
XBB.1.45,XBB.X
XBB.1.45.1,XBB.X
XBB.1.46,XBB.X
XBB.1.47,XBB.X
XBB.1.47.1,XBB.X
XBB.1.48,XBB.X
XBB.1.49,XBB.X
XBB.1.5,XBB.1.5.X
XBB.1.5.1,XBB.1.5.X
XBB.1.5.10,XBB.1.5.X
XBB.1.5.100,XBB.1.5.X
XBB.1.5.101,XBB.1.5.X
XBB.1.5.102,XBB.1.5.X
XBB.1.5.103,XBB.1.5.X
XBB.1.5.104,XBB.1.5.X
XBB.1.5.105,XBB.1.5.X
XBB.1.5.106,XBB.1.5.X
XBB.1.5.107,XBB.1.5.X
XBB.1.5.108,XBB.1.5.X
XBB.1.5.109,XBB.1.5.X
XBB.1.5.11,XBB.1.5.X
XBB.1.5.110,XBB.1.5.X
XBB.1.5.12,XBB.1.5.X
XBB.1.5.13,XBB.1.5.X
XBB.1.5.14,XBB.1.5.X
XBB.1.5.15,XBB.1.5.X
XBB.1.5.16,XBB.1.5.X
XBB.1.5.17,XBB.1.5.X
XBB.1.5.18,XBB.1.5.X
XBB.1.5.19,XBB.1.5.X
XBB.1.5.2,XBB.1.5.X
XBB.1.5.20,XBB.1.5.X
XBB.1.5.21,XBB.1.5.X
XBB.1.5.22,XBB.1.5.X
XBB.1.5.23,XBB.1.5.X
XBB.1.5.24,XBB.1.5.X
XBB.1.5.25,XBB.1.5.X
XBB.1.5.26,XBB.1.5.X
XBB.1.5.27,XBB.1.5.X
XBB.1.5.28,XBB.1.5.X
XBB.1.5.29,XBB.1.5.X
XBB.1.5.3,XBB.1.5.X
XBB.1.5.30,XBB.1.5.X
XBB.1.5.31,XBB.1.5.X
XBB.1.5.32,XBB.1.5.X
XBB.1.5.33,XBB.1.5.X
XBB.1.5.34,XBB.1.5.X
XBB.1.5.35,XBB.1.5.X
XBB.1.5.36,XBB.1.5.X
XBB.1.5.37,XBB.1.5.X
XBB.1.5.38,XBB.1.5.X
XBB.1.5.39,XBB.1.5.X
XBB.1.5.4,XBB.1.5.X
XBB.1.5.40,XBB.1.5.X
XBB.1.5.41,XBB.1.5.X
XBB.1.5.42,XBB.1.5.X
XBB.1.5.43,XBB.1.5.X
XBB.1.5.44,XBB.1.5.X
XBB.1.5.45,XBB.1.5.X
XBB.1.5.46,XBB.1.5.X
XBB.1.5.47,XBB.1.5.X
XBB.1.5.48,XBB.1.5.X
XBB.1.5.49,XBB.1.5.X
XBB.1.5.5,XBB.1.5.X
XBB.1.5.50,XBB.1.5.X
XBB.1.5.51,XBB.1.5.X
XBB.1.5.52,XBB.1.5.X
XBB.1.5.53,XBB.1.5.X
XBB.1.5.54,XBB.1.5.X
XBB.1.5.55,XBB.1.5.X
XBB.1.5.56,XBB.1.5.X
XBB.1.5.57,XBB.1.5.X
XBB.1.5.58,XBB.1.5.X
XBB.1.5.59,XBB.1.5.X
XBB.1.5.6,XBB.1.5.X
XBB.1.5.60,XBB.1.5.X
XBB.1.5.61,XBB.1.5.X
XBB.1.5.62,XBB.1.5.X
XBB.1.5.63,XBB.1.5.X
XBB.1.5.64,XBB.1.5.X
XBB.1.5.65,XBB.1.5.X
XBB.1.5.66,XBB.1.5.X
XBB.1.5.67,XBB.1.5.X
XBB.1.5.68,XBB.1.5.X
XBB.1.5.69,XBB.1.5.X
XBB.1.5.7,XBB.1.5.X
XBB.1.5.70,XBB.1.5.X
XBB.1.5.71,XBB.1.5.X
XBB.1.5.72,XBB.1.5.X
XBB.1.5.73,XBB.1.5.X
XBB.1.5.74,XBB.1.5.X
XBB.1.5.75,XBB.1.5.X
XBB.1.5.76,XBB.1.5.X
XBB.1.5.77,XBB.1.5.X
XBB.1.5.78,XBB.1.5.X
XBB.1.5.79,XBB.1.5.X
XBB.1.5.8,XBB.1.5.X
XBB.1.5.80,XBB.1.5.X
XBB.1.5.81,XBB.1.5.X
XBB.1.5.82,XBB.1.5.X
XBB.1.5.83,XBB.1.5.X
XBB.1.5.84,XBB.1.5.X
XBB.1.5.85,XBB.1.5.X
XBB.1.5.86,XBB.1.5.X
XBB.1.5.87,XBB.1.5.X
XBB.1.5.88,XBB.1.5.X
XBB.1.5.89,XBB.1.5.X
XBB.1.5.9,XBB.1.5.X
XBB.1.5.90,XBB.1.5.X
XBB.1.5.91,XBB.1.5.X
XBB.1.5.92,XBB.1.5.X
XBB.1.5.93,XBB.1.5.X
XBB.1.5.94,XBB.1.5.X
XBB.1.5.95,XBB.1.5.X
XBB.1.5.96,XBB.1.5.X
XBB.1.5.97,XBB.1.5.X
XBB.1.5.98,XBB.1.5.X
XBB.1.5.99,XBB.1.5.X
XBB.1.6,XBB.X
XBB.1.7,XBB.X
XBB.1.8,XBB.X
XBB.1.9,XBB.X
XBB.1.9.1,XBB.1.9.1.X
XBB.1.9.2,XBB.1.9.2.X
XBB.1.9.3,XBB.X
XBB.1.9.4,XBB.X
XBB.1.9.5,XBB.X
XBB.1.9.6,XBB.X
XBB.1.9.7,XBB.X
XBB.2,XBB.X
XBB.2.1,XBB.X
XBB.2.10,XBB.X
XBB.2.11,XBB.X
XBB.2.11.1,XBB.X
XBB.2.12,XBB.X
XBB.2.2,XBB.X
XBB.2.3,XBB.2.3.X
XBB.2.3.1,XBB.2.3.X
XBB.2.3.10,XBB.2.3.X
XBB.2.3.11,XBB.2.3.X
XBB.2.3.12,XBB.2.3.X
XBB.2.3.13,XBB.2.3.X
XBB.2.3.14,XBB.2.3.X
XBB.2.3.15,XBB.2.3.X
XBB.2.3.16,XBB.2.3.X
XBB.2.3.17,XBB.2.3.X
XBB.2.3.18,XBB.2.3.X
XBB.2.3.19,XBB.2.3.X
XBB.2.3.2,XBB.2.3.X
XBB.2.3.20,XBB.2.3.X
XBB.2.3.21,XBB.2.3.X
XBB.2.3.22,XBB.2.3.X
XBB.2.3.3,XBB.2.3.X
XBB.2.3.4,XBB.2.3.X
XBB.2.3.5,XBB.2.3.X
XBB.2.3.6,XBB.2.3.X
XBB.2.3.7,XBB.2.3.X
XBB.2.3.8,XBB.2.3.X
XBB.2.3.9,XBB.2.3.X
XBB.2.4,XBB.X
XBB.2.5,XBB.X
XBB.2.6,XBB.X
XBB.2.6.1,XBB.X
XBB.2.6.2,XBB.X
XBB.2.6.3,XBB.X
XBB.2.7,XBB.X
XBB.2.7.1,XBB.X
XBB.2.8,XBB.X
XBB.2.9,XBB.X
XBB.3,XBB.X
XBB.3.1,XBB.X
XBB.3.2,XBB.X
XBB.3.3,XBB.X
XBB.3.4,XBB.X
XBB.3.5,XBB.X
XBB.4,XBB.X
XBB.4.1,XBB.X
XBB.5,XBB.X
XBB.6,XBB.X
XBB.6.1,XBB.X
XBB.7,XBB.X
XBB.8,XBB.X
XBB.8.1,XBB.X
XBB.8.2,XBB.X
XBB.9,XBB.X
XBD,Omicron
XBE,Omicron
XBF,Omicron
XBF.1,Omicron
XBF.1.1,Omicron
XBF.10,Omicron
XBF.2,Omicron
XBF.3,Omicron
XBF.4,Omicron
XBF.5,Omicron
XBF.6,Omicron
XBF.7,Omicron
XBF.7.1,Omicron
XBF.8,Omicron
XBF.8.1,Omicron
XBF.9,Omicron
XBG,Omicron
XBH,Omicron
XBJ,Omicron
XBJ.1,Omicron
XBJ.1.1,Omicron
XBJ.2,Omicron
XBJ.3,Omicron
XBJ.4,Omicron
XBK,Omicron
XBK.1,Omicron
XBM,Omicron
XBP,Omicron
XBQ,Omicron
XBR,Omicron
XBS,Omicron
XBT,Omicron
XBU,Omicron
XBZ,Omicron
XCA,Omicron
XCB,Omicron
XDY,Omicron
XDY.1,Omicron
XDY.1.1,Omicron
XDY.10,Omicron
XDY.11,Omicron
XDY.12,Omicron
XDY.12.1,Omicron
XDY.12.1.1,Omicron
XDY.2,Omicron
XDY.3,Omicron
XDY.3.1,Omicron
XDY.3.2,Omicron
XDY.3.3,Omicron
XDY.4,Omicron
XDY.5,Omicron
XDY.5.1,Omicron
XDY.6,Omicron
XDY.7,Omicron
XDY.8,Omicron
XDY.9,Omicron
XE,Omicron
XEC,XEC.X
XEC.1,XEC.X
XEC.10,XEC.X
XEC.11,XEC.X
XEC.11.1,XEC.X
XEC.11.1.1,XEC.X
XEC.12,XEC.X
XEC.13,XEC.X
XEC.14,XEC.X
XEC.14.1,XEC.X
XEC.14.1.1,XEC.X
XEC.15,XEC.X
XEC.16,XEC.X
XEC.17,XEC.X
XEC.18,XEC.X
XEC.18.1,XEC.X
XEC.18.1.1,XEC.X
XEC.18.2,XEC.X
XEC.18.3,XEC.X
XEC.18.4,XEC.X
XEC.19,XEC.X
XEC.2,XEC.X
XEC.2.1,XEC.X
XEC.2.10,XEC.X
XEC.2.2,XEC.X
XEC.2.2.1,XEC.X
XEC.2.3,XEC.X
XEC.2.3.1,XEC.X
XEC.2.4,XEC.X
XEC.2.5,XEC.X
XEC.2.6,XEC.X
XEC.2.7,XEC.X
XEC.2.8,XEC.X
XEC.2.9,XEC.X
XEC.20,XEC.X
XEC.20.1,XEC.X
XEC.21,XEC.X
XEC.22,XEC.X
XEC.23,XEC.X
XEC.23.1,XEC.X
XEC.24,XEC.X
XEC.24.1,XEC.X
XEC.25,XEC.X
XEC.25.1,XEC.X
XEC.25.1.1,XEC.X
XEC.25.1.2,XEC.X
XEC.25.1.3,XEC.X
XEC.26,XEC.X
XEC.27,XEC.X
XEC.27.1,XEC.X
XEC.27.2,XEC.X
XEC.27.2.1,XEC.X
XEC.27.2.2,XEC.X
XEC.28,XEC.X
XEC.29,XEC.X
XEC.3,XEC.X
XEC.30,XEC.X
XEC.31,XEC.X
XEC.32,XEC.X
XEC.32.1,XEC.X
XEC.32.2,XEC.X
XEC.32.3,XEC.X
XEC.33,XEC.X
XEC.34,XEC.X
XEC.35,XEC.X
XEC.35.1,XEC.X
XEC.36,XEC.X
XEC.37,XEC.X
XEC.38,XEC.X
XEC.39,XEC.X
XEC.4,XEC.X
XEC.4.1,XEC.X
XEC.4.1.1,XEC.X
XEC.4.1.2,XEC.X
XEC.4.1.3,XEC.X
XEC.4.1.4,XEC.X
XEC.4.1.5,XEC.X
XEC.4.1.6,XEC.X
XEC.4.2,XEC.X
XEC.4.3,XEC.X
XEC.4.4,XEC.X
XEC.4.5,XEC.X
XEC.4.5.1,XEC.X
XEC.4.6,XEC.X
XEC.4.6.1,XEC.X
XEC.4.7,XEC.X
XEC.4.8,XEC.X
XEC.4.9,XEC.X
XEC.40,XEC.X
XEC.41,XEC.X
XEC.42,XEC.X
XEC.43,XEC.X
XEC.5,XEC.X
XEC.5.1,XEC.X
XEC.6,XEC.X
XEC.7,XEC.X
XEC.8,XEC.X
XEC.8.1,XEC.X
XEC.9,XEC.X
XED,Omicron
XEE,Omicron
XEF,Omicron
XEF.1,Omicron
XEF.2,Omicron
XEF.3,Omicron
XEH,Omicron
XEJ,Omicron
XEJ.1,Omicron
XEJ.2,Omicron
XEJ.3,Omicron
XEL,Omicron
XEL.1,Omicron
XEL.2,Omicron
XEL.3,Omicron
XEL.4,Omicron
XEL.5,Omicron
XEL.6,Omicron
XEM,Omicron
XEN,Omicron
XEN.1,Omicron
XEN.2,Omicron
XEP,Omicron
XEP.1,Omicron
XEP.1.1,Omicron
XEP.2,Omicron
XEP.3,Omicron
XEQ,Omicron
XER,Omicron
XES,Omicron
XES.1,Omicron
XES.1.1,Omicron
XET,Omicron
XFC,Omicron
XFC.1,Omicron
XFC.1.1,Omicron
XFC.1.1.1,Omicron
XFC.1.10,Omicron
XFC.1.11,Omicron
XFC.1.12,Omicron
XFC.1.2,Omicron
XFC.1.2.1,Omicron
XFC.1.3,Omicron
XFC.1.3.1,Omicron
XFC.1.4,Omicron
XFC.1.5,Omicron
XFC.1.6,Omicron
XFC.1.7,Omicron
XFC.1.8,Omicron
XFC.1.9,Omicron
XFC.2,Omicron
XFC.3,Omicron
XFC.3.1,Omicron
XFC.3.2,Omicron
XFC.3.3,Omicron
XFC.3.3.1,Omicron
XFC.3.3.2,Omicron
XFC.3.4,Omicron
XFC.3.5,Omicron
XFC.4,Omicron
XFF,Omicron
XFF.1,Omicron
XFG,XFG.X
XFG.1,XFG.X
XFG.1.1,XFG.X
XFG.1.1.1,XFG.X
XFG.1.1.2,XFG.X
XFG.1.1.3,XFG.X
XFG.1.1.4,XFG.X
XFG.1.1.5,XFG.X
XFG.1.1.6,XFG.X
XFG.1.1.7,XFG.X
XFG.1.2,XFG.X
XFG.1.3,XFG.X
XFG.10,XFG.X
XFG.10.1,XFG.X
XFG.10.2,XFG.X
XFG.10.3,XFG.X
XFG.10.4,XFG.X
XFG.10.4.1,XFG.X
XFG.10.5,XFG.X
XFG.11,XFG.X
XFG.12,XFG.X
XFG.13,XFG.X
XFG.14,XFG.X
XFG.14.1,XFG.X
XFG.14.1.1,XFG.X
XFG.14.1.10,XFG.X
XFG.14.1.2,XFG.X
XFG.14.1.3,XFG.X
XFG.14.1.4,XFG.X
XFG.14.1.5,XFG.X
XFG.14.1.6,XFG.X
XFG.14.1.7,XFG.X
XFG.14.1.8,XFG.X
XFG.14.1.9,XFG.X
XFG.14.10,XFG.X
XFG.14.2,XFG.X
XFG.14.2.1,XFG.X
XFG.14.3,XFG.X
XFG.14.4,XFG.X
XFG.14.5,XFG.X
XFG.14.6,XFG.X
XFG.14.7,XFG.X
XFG.14.8,XFG.X
XFG.14.8.1,XFG.X
XFG.14.9,XFG.X
XFG.15,XFG.X
XFG.16,XFG.X
XFG.17,XFG.X
XFG.17.1,XFG.X
XFG.17.2,XFG.X
XFG.17.2.1,XFG.X
XFG.17.3,XFG.X
XFG.17.4,XFG.X
XFG.18,XFG.X
XFG.18.1,XFG.X
XFG.19,XFG.X
XFG.2,XFG.X
XFG.2.1,XFG.X
XFG.2.10,XFG.X
XFG.2.11,XFG.X
XFG.2.12,XFG.X
XFG.2.13,XFG.X
XFG.2.13.1,XFG.X
XFG.2.2,XFG.X
XFG.2.3,XFG.X
XFG.2.3.1,XFG.X
XFG.2.4,XFG.X
XFG.2.5,XFG.X
XFG.2.5.1,XFG.X
XFG.2.6,XFG.X
XFG.2.7,XFG.X
XFG.2.7.1,XFG.X
XFG.2.7.2,XFG.X
XFG.2.8,XFG.X
XFG.2.8.1,XFG.X
XFG.2.9,XFG.X
XFG.21,XFG.X
XFG.22,XFG.X
XFG.22.1,XFG.X
XFG.22.2,XFG.X
XFG.22.3,XFG.X
XFG.23,XFG.X
XFG.23.1,XFG.X
XFG.23.1.1,XFG.X
XFG.23.1.2,XFG.X
XFG.23.1.3,XFG.X
XFG.23.1.4,XFG.X
XFG.23.1.5,XFG.X
XFG.23.2,XFG.X
XFG.24,XFG.X
XFG.25,XFG.X
XFG.26,XFG.X
XFG.26.1,XFG.X
XFG.26.2,XFG.X
XFG.26.2.1,XFG.X
XFG.28,XFG.X
XFG.29,XFG.X
XFG.3,XFG.X
XFG.3.1,XFG.X
XFG.3.1.1,XFG.X
XFG.3.1.10,XFG.X
XFG.3.1.11,XFG.X
XFG.3.1.12,XFG.X
XFG.3.1.2,XFG.X
XFG.3.1.3,XFG.X
XFG.3.1.4,XFG.X
XFG.3.1.5,XFG.X
XFG.3.1.6,XFG.X
XFG.3.1.7,XFG.X
XFG.3.1.8,XFG.X
XFG.3.1.9,XFG.X
XFG.3.10,XFG.X
XFG.3.10.1,XFG.X
XFG.3.10.2,XFG.X
XFG.3.11,XFG.X
XFG.3.12,XFG.X
XFG.3.12.1,XFG.X
XFG.3.13,XFG.X
XFG.3.13.1,XFG.X
XFG.3.13.2,XFG.X
XFG.3.14,XFG.X
XFG.3.15,XFG.X
XFG.3.16,XFG.X
XFG.3.16.1,XFG.X
XFG.3.17,XFG.X
XFG.3.17.1,XFG.X
XFG.3.17.2,XFG.X
XFG.3.18,XFG.X
XFG.3.18.1,XFG.X
XFG.3.19,XFG.X
XFG.3.2,XFG.X
XFG.3.20,XFG.X
XFG.3.21,XFG.X
XFG.3.22,XFG.X
XFG.3.23,XFG.X
XFG.3.24,XFG.X
XFG.3.25,XFG.X
XFG.3.26,XFG.X
XFG.3.27,XFG.X
XFG.3.27.1,XFG.X
XFG.3.27.2,XFG.X
XFG.3.28,XFG.X
XFG.3.29,XFG.X
XFG.3.3,XFG.X
XFG.3.3.1,XFG.X
XFG.3.3.2,XFG.X
XFG.3.3.3,XFG.X
XFG.3.30,XFG.X
XFG.3.30.1,XFG.X
XFG.3.30.2,XFG.X
XFG.3.31,XFG.X
XFG.3.32,XFG.X
XFG.3.33,XFG.X
XFG.3.4,XFG.X
XFG.3.4.1,XFG.X
XFG.3.4.2,XFG.X
XFG.3.4.3,XFG.X
XFG.3.4.4,XFG.X
XFG.3.4.5,XFG.X
XFG.3.4.6,XFG.X
XFG.3.4.7,XFG.X
XFG.3.4.8,XFG.X
XFG.3.4.9,XFG.X
XFG.3.5,XFG.X
XFG.3.5.1,XFG.X
XFG.3.5.2,XFG.X
XFG.3.6,XFG.X
XFG.3.6.1,XFG.X
XFG.3.6.2,XFG.X
XFG.3.6.3,XFG.X
XFG.3.6.4,XFG.X
XFG.3.7,XFG.X
XFG.3.7.1,XFG.X
XFG.3.8,XFG.X
XFG.3.8.1,XFG.X
XFG.3.8.2,XFG.X
XFG.3.9,XFG.X
XFG.30,XFG.X
XFG.31,XFG.X
XFG.32,XFG.X
XFG.33,XFG.X
XFG.34,XFG.X
XFG.35,XFG.X
XFG.36,XFG.X
XFG.37,XFG.X
XFG.38,XFG.X
XFG.39,XFG.X
XFG.4,XFG.X
XFG.4.1,XFG.X
XFG.4.1.1,XFG.X
XFG.4.1.2,XFG.X
XFG.4.1.3,XFG.X
XFG.4.1.4,XFG.X
XFG.4.1.5,XFG.X
XFG.4.1.6,XFG.X
XFG.4.1.7,XFG.X
XFG.4.2,XFG.X
XFG.4.3,XFG.X
XFG.4.4,XFG.X
XFG.4.5,XFG.X
XFG.40,XFG.X
XFG.5,XFG.X
XFG.5.1,XFG.X
XFG.5.1.1,XFG.X
XFG.5.1.2,XFG.X
XFG.5.1.3,XFG.X
XFG.5.1.4,XFG.X
XFG.5.1.5,XFG.X
XFG.5.1.6,XFG.X
XFG.5.1.7,XFG.X
XFG.5.1.8,XFG.X
XFG.5.2,XFG.X
XFG.5.2.1,XFG.X
XFG.5.2.2,XFG.X
XFG.5.2.3,XFG.X
XFG.5.2.4,XFG.X
XFG.5.2.5,XFG.X
XFG.5.2.6,XFG.X
XFG.5.2.7,XFG.X
XFG.5.2.8,XFG.X
XFG.5.3,XFG.X
XFG.5.4,XFG.X
XFG.5.4.1,XFG.X
XFG.5.4.2,XFG.X
XFG.6,XFG.X
XFG.6.1,XFG.X
XFG.6.10,XFG.X
XFG.6.11,XFG.X
XFG.6.12,XFG.X
XFG.6.13,XFG.X
XFG.6.13.1,XFG.X
XFG.6.13.2,XFG.X
XFG.6.14,XFG.X
XFG.6.14.1,XFG.X
XFG.6.2,XFG.X
XFG.6.2.1,XFG.X
XFG.6.2.2,XFG.X
XFG.6.2.3,XFG.X
XFG.6.3,XFG.X
XFG.6.3.1,XFG.X
XFG.6.3.2,XFG.X
XFG.6.3.3,XFG.X
XFG.6.4,XFG.X
XFG.6.5,XFG.X
XFG.6.5.1,XFG.X
XFG.6.6,XFG.X
XFG.6.7,XFG.X
XFG.6.8,XFG.X
XFG.6.9,XFG.X
XFG.7,XFG.X
XFG.7.1,XFG.X
XFG.7.1.1,XFG.X
XFG.7.1.2,XFG.X
XFG.8,XFG.X
XFG.8.1,XFG.X
XFG.8.1.1,XFG.X
XFG.8.2,XFG.X
XFG.8.2.1,XFG.X
XFG.8.3,XFG.X
XFG.8.4,XFG.X
XFG.8.5,XFG.X
XFG.9,XFG.X
XFG.9.1,XFG.X
XFG.9.2,XFG.X
XFG.9.3,XFG.X
XFG.9.3.1,XFG.X
XFG.9.3.2,XFG.X
XFG.9.4,XFG.X
XFG.9.4.1,XFG.X
XFG.9.4.2,XFG.X
XFG.9.5,XFG.X
XFG.9.6,XFG.X
XFJ,Omicron
XFJ.1,Omicron
XFJ.1.1,Omicron
XFJ.1.2,Omicron
XFJ.1.3,Omicron
XFJ.10,Omicron
XFJ.2,Omicron
XFJ.2.1,Omicron
XFJ.2.2,Omicron
XFJ.3,Omicron
XFJ.3.1,Omicron
XFJ.3.1.1,Omicron
XFJ.3.1.2,Omicron
XFJ.3.1.3,Omicron
XFJ.3.1.4,Omicron
XFJ.3.2,Omicron
XFJ.4,Omicron
XFJ.4.1,Omicron
XFJ.5,Omicron
XFJ.6,Omicron
XFJ.7,Omicron
XFJ.8,Omicron
XFJ.8.1,Omicron
XFJ.9,Omicron
XFM,Omicron
XFP,Omicron
XFP.1,Omicron
XFP.1.1,Omicron
XFP.2,Omicron
XFR,Omicron
XFS,Omicron
XFT,Omicron
XFT.1,Omicron
XFU,Omicron
XG,Omicron
XGM,Omicron
XH,Omicron
XJ,Omicron
XK,Omicron
XL,Omicron
XM,Omicron
XN,Omicron
XP,Omicron
XQ,Omicron
XR,Omicron
XT,Omicron
XU,Omicron
XV,Omicron
XW,Omicron
XY,Omicron
XZ,Omicron
